Категория	Название	Цена	Артикул	Описание	Ссылка на изображение	Вес, гр.	Кол-во штук в ролле/сете	Кол-во персон	Метки	У товара есть вариации
Вторые блюда	Шашлык куриный жареный во фритюре с макаронами отварными	150		<p><strong>Состав основного продукта:</strong> мясо куриное, мука пшеничная высшего сорта, масло подсолнечное, соль, перец черный</p><p><strong>Состав гарнира:</strong> макаронные изделия, масло подсолнечное, масло сливочное, соль</p><p><strong>Срок годности:</strong> при +2+6°С ≤ 72 ч</p><p><br></p>	https://platform.foodninja.pro/storage/43c6a0d1-4dbd-403f-b80d-73530b32741b/product/01KR4H4F53QZVNYEDBJSKA82KW.jpg	200	1	1		
Вторые блюда	Шашлык куриный жареный во фритюре с картофелем запечённым	167		<p><strong>Состав основного продукта: </strong>мясо куриное, мука пшеничная высшего сорта, масло подсолнечное, соль, перец черный</p><p><strong>Состав гарнира:</strong> картофель, майонез, морковь, сыр, масло подсолнечное, соль</p><p><strong>Срок годности:</strong> при +2+6°С ≤ 72 ч</p><p><br></p>	https://platform.foodninja.pro/storage/43c6a0d1-4dbd-403f-b80d-73530b32741b/product/01KR4H4D9Q4NASZK0Y7JAD5T3J.jpg	200	1	1		
Вторые блюда	Шашлык куриный жареный во фритюре с картофельным пюре	157		<p><strong>Состав основного продукта:</strong> мясо куриное, мука пшеничная высшего сорта, масло подсолнечное, соль, перец черный</p><p><strong>Состав гарнира:</strong> картофель, масло сливочное, молоко сухое, соль</p><p><strong>Срок годности: </strong>при +2+6°С ≤ 72 ч</p><p><br></p>	https://platform.foodninja.pro/storage/43c6a0d1-4dbd-403f-b80d-73530b32741b/product/01KR4H4BEAH9GV0A9B537D23Q9.jpg	200	1	1		
Вторые блюда	Филе куриное гриль с картофелем запечённым	173		<p><strong>Состав основного продукта:</strong> куриное филе, масло подсолнечное, соус соевый, перец черный</p><p><strong>Состав гарнира:</strong> картофель, майонез, морковь, сыр, масло подсолнечное, соль</p><p><strong>Срок годности:</strong> при +2+6°С ≤ 72 ч</p><p><br></p>	https://platform.foodninja.pro/storage/43c6a0d1-4dbd-403f-b80d-73530b32741b/product/01KR4H49Y1HCQPYA8ZPRQVYVYY.jpg	200	1	1		
Вторые блюда	Филе куриное гриль с макаронами отварными	156		<p><strong>Состав основного продукта:</strong> куриное филе, масло подсолнечное, соус соевый, перец черный</p><p><strong>Состав гарнира:</strong> макаронные изделия, масло подсолнечное, масло сливочное, соль</p><p><strong>Срок годности:</strong> при +2+6°С ≤ 72 ч</p><p><br></p>	https://platform.foodninja.pro/storage/43c6a0d1-4dbd-403f-b80d-73530b32741b/product/01KR4H489K3CBR26DK2X8KCC6V.jpg	200	1	1		
Вторые блюда	Филе куриное гриль с рисом отварным и овощами	156		<p><strong>Состав основного продукта:</strong> куриное филе, масло подсолнечное, соус соевый, перец черный</p><p><strong>Состав гарнира:</strong> рис, морковь, масло сливочное, масло подсолнечное, перец болгарский, кукуруза консервированная, горошек зеленый консервированный, фасоль стручковая, соль</p><p><strong>Срок годности:</strong> при +2+6°С ≤ 72 ч</p><p><br></p>	https://platform.foodninja.pro/storage/43c6a0d1-4dbd-403f-b80d-73530b32741b/product/01KR4H45HK34YWYJTBQZ2TPGNZ.jpg	200	1	1		
Вторые блюда	Филе куриное гриль с кашей гречневой	156		<p><strong>Состав основного продукта:</strong> куриное филе, масло подсолнечное, соус соевый, перец черный</p><p><strong>Состав гарнира:</strong> крупа гречневая, масло сливочное, масло подсолнечное, соль</p><p><strong>Срок годности:</strong> при +2+6°С ≤ 72 ч</p><p><br></p>	https://platform.foodninja.pro/storage/43c6a0d1-4dbd-403f-b80d-73530b32741b/product/01KR4H449HQAM2NVQDYD8005CZ.jpg	200	1	1		
Вторые блюда	Филе куриное гриль с картофельным пюре	164		<p><strong>Состав основного продукта:</strong>  куриное филе, масло подсолнечное, соус соевый, перец черный</p><p><strong>Состав гарнира: </strong>картофель, масло сливочное, молоко сухое, соль</p><p><strong>Срок годности:</strong> при +2+6°С ≤ 72 ч</p><p><br></p>	https://platform.foodninja.pro/storage/43c6a0d1-4dbd-403f-b80d-73530b32741b/product/01KR4H43F6SPA4E2E7KEKT5HEG.jpg	200	1	1		
Вторые блюда	Тефтели с рисом и томатным соусом с картофелем запечённым	162		<p><strong>Состав основного продукта:</strong> свинина, говядина, лук репчатый, рис, яйцо, масло подсолнечное, соль, перец черный</p><p><strong>Состав гарнира:</strong> картофель, майонез, морковь, сыр, масло подсолнечное, соль</p><p><strong>Срок годности:</strong> при +2+6°С ≤ 72 ч</p><p><br></p>	https://platform.foodninja.pro/storage/43c6a0d1-4dbd-403f-b80d-73530b32741b/product/01KR4H422GGNVPYWTEERXSE53N.jpg	300	1	1		
Вторые блюда	Тефтели с рисом и томатным соусом с макаронами отварными	145		<p><strong>Состав основного продукта:</strong> свинина, говядина, лук репчатый, рис, яйцо, масло подсолнечное, соль, перец черный</p><p><strong>Состав гарнира: </strong>макаронные изделия, масло подсолнечное, масло сливочное, соль</p><p><strong>Срок годности:</strong> при +2+6°С ≤ 72 ч</p><p><br></p>	https://platform.foodninja.pro/storage/43c6a0d1-4dbd-403f-b80d-73530b32741b/product/01KR4H416VSCEWVNTJBXCH41RR.jpg	300	1	1		
Вторые блюда	Тефтели с рисом и томатным соусом с кашей гречневой 	145		<p><strong>Состав основного продукта: </strong>свинина, говядина, лук репчатый, рис, яйцо, масло подсолнечное, соль, перец черный</p><p><strong>Состав гарнира:</strong> крупа гречневая, масло сливочное, масло подсолнечное, соль</p><p><strong>Срок годности:</strong> при +2+6°С ≤ 72 ч</p><p><br></p>	https://platform.foodninja.pro/storage/43c6a0d1-4dbd-403f-b80d-73530b32741b/product/01KR4H3ZW73DZ87WT2QV9Q8HA8.jpg	300	1	1		
Вторые блюда	Тефтели с рисом с картофельным пюре и томатным соусом	165		<p><strong>Состав основного продукта:</strong> свинина, говядина, лук репчатый, рис, яйцо, масло подсолнечное, соль, перец черный</p><p><strong>Состав гарнира:</strong> картофель, масло сливочное, молоко сухое, соль</p><p><strong>Срок годности:</strong> при +2+6°С ≤ 72 ч</p><p><br></p>	https://platform.foodninja.pro/storage/43c6a0d1-4dbd-403f-b80d-73530b32741b/product/01KR4H3Z138JA74DZJ6XNMJ21S.jpg	300	1	1		
Вторые блюда	Сосиски отварные с макаронами отварными	150		<p><strong>Состав основного продукта:</strong> изделие колбасное &quot;Сосиски Аппетитные&quot;, масло сливочное, яйцо, крахмал, парика, соль, перец черный</p><p><strong>Состав гарнира:</strong> макаронные изделия, масло подсолнечное, масло сливочное, соль</p><p><strong>Срок годности:</strong> при +2+6°С ≤ 72 ч</p><p><br></p>	https://platform.foodninja.pro/storage/43c6a0d1-4dbd-403f-b80d-73530b32741b/product/01KR4H3XSK6ZH0M1Y2SRASPGXA.jpg	250	1	1		
Вторые блюда	Сосиски отварные с картофельным пюре	157		<p><strong>Состав основного продукта:</strong> изделие колбасное &quot;Сосиски Аппетитные&quot;, масло сливочное, яйцо, крахмал, парика, соль, перец черный</p><p><strong>Состав гарнира:</strong> картофель, масло сливочное, молоко сухое, соль</p><p><strong>Срок годности:</strong> при +2+6°С ≤ 72 ч</p><p><br></p>	https://platform.foodninja.pro/storage/43c6a0d1-4dbd-403f-b80d-73530b32741b/product/01KR4H3WM2JHY0100V9NP7PHGN.jpg	250	1	1		
Вторые блюда	Рыба жареная в кляре с макаронами отварными	209		<p><strong>Состав основного продукта:</strong> горбуша, майонез, масло подсолнечное, яйцо, мука пшеничная высшего сорта, соль, перец черный, кислота лимонная</p><p><strong>Состав гарнира:</strong> макаронные изделия, масло подсолнечное, масло сливочное, соль</p><p><strong>Срок годности:</strong> при +2+6°С ≤ 72 ч</p><p><br></p>	https://platform.foodninja.pro/storage/43c6a0d1-4dbd-403f-b80d-73530b32741b/product/01KR4H1VMPK4C07RR98QSNCN5T.jpg	240	1	1		
Вторые блюда	Рыба жареная в кляре с картофельным пюре	217		<p><strong>Состав основного продукта:</strong> горбуша, майонез, масло подсолнечное, яйцо, мука пшеничная высшего сорта, соль, перец черный, кислота лимонная</p><p><strong>Состав гарнира: </strong>картофель, масло сливочное, молоко сухое, соль</p><p><strong>Срок годности:</strong> при +2+6°С ≤ 72 ч</p><p><br></p>	https://platform.foodninja.pro/storage/43c6a0d1-4dbd-403f-b80d-73530b32741b/product/01KR4GZKHYE1RKV46P2092N5J8.jpg	240	1	1		
Вторые блюда	Рыба жареная в кляре с рисом отварным и овощами	209		<p><strong>Состав основного продукта:</strong> горбуша, майонез, масло подсолнечное, яйцо, мука пшеничная высшего сорта, соль, перец черный, кислота лимонная</p><p><strong>Состав гарнира: </strong>рис, морковь, масло сливочное, масло подсолнечное, перец болгарский, кукуруза консервированная, горошек зеленый консервированный, фасоль стручковая, соль</p><p><strong>Срок годности:</strong> при +2+6°С ≤ 72 ч</p><p><br></p>	https://platform.foodninja.pro/storage/43c6a0d1-4dbd-403f-b80d-73530b32741b/product/01KR4GWQYBKSCG00GZ8WRV4EJB.jpg	240	1	1		
Вторые блюда	Рулет куриный с картофелем запечённым	151		<p><strong>Состав основного продукта:</strong> мясо куриное, перец болгарский, сыр, свинина, морковь, масло сливочное, яйцо, лук репчатый, соль, перец черный</p><p><strong>Состав гарнира:</strong> картофель, майонез, морковь, сыр, масло подсолнечное, соль</p><p><strong>Срок годности: </strong>при +2+6°С ≤ 72 ч</p><p><br></p>	https://platform.foodninja.pro/storage/43c6a0d1-4dbd-403f-b80d-73530b32741b/product/01KR5G7A09VFYSH3BP5V9XPD9F.jpg	250	1	1		
Вторые блюда	Рулет куриный с макаронами отварными	134		<p><strong>Состав основного продукта:</strong> мясо куриное, перец болгарский, сыр, свинина, морковь, масло сливочное, яйцо, лук репчатый, соль, перец черный</p><p><strong>Состав гарнира:</strong> макаронные изделия, масло подсолнечное, масло сливочное, соль</p><p><strong>Срок годности:</strong> при +2+6°С ≤ 72 ч</p><p><br></p>	https://platform.foodninja.pro/storage/43c6a0d1-4dbd-403f-b80d-73530b32741b/product/01KR5G7F6CFQPTMDZ2636T1QC0.jpg	250	1	1		
Вторые блюда	Рулет куриный с картофельным пюре	142		<p><strong>Состав основного продукта:</strong> мясо куриное, перец болгарский, сыр, свинина, морковь, масло сливочное, яйцо, лук репчатый, соль, перец черный</p><p><strong>Состав гарнира:</strong> картофель, масло сливочное, молоко сухое, соль</p><p><strong>Срок годности:</strong> при +2+6°С ≤ 72 ч</p><p><br></p>	https://platform.foodninja.pro/storage/43c6a0d1-4dbd-403f-b80d-73530b32741b/product/01KR5G7GQKM93YCEG1MPM4246Q.jpg	250	1	1		
Вторые блюда	Поджарка из минтая с макаронами отварными	190		<p><strong>Состав основного продукта: </strong>филе минтая, лук репчатый, масло подсолнечное, мука пшеничная высшего сорта, соль, перец черный</p><p><strong>Состав гарнира: </strong>макаронные изделия, масло подсолнечное, масло сливочное, соль</p><p><strong>Срок годности:</strong> при +2+6°С ≤ 72 ч</p><p><br></p>	https://platform.foodninja.pro/storage/43c6a0d1-4dbd-403f-b80d-73530b32741b/product/01KR4FH212EPCRC6SSY5NZYMKC.jpg	250	1	1		
Вторые блюда	Поджарка из минтая с рисом отварным и овощами	190		<p><strong>Состав основного продукта:</strong> филе минтая, лук репчатый, масло подсолнечное, мука пшеничная высшего сорта, соль, перец черный</p><p><strong>Состав гарнира:</strong> рис, морковь, масло сливочное, масло подсолнечное, перец болгарский, кукуруза консервированная, горошек зеленый консервированный, фасоль стручковая, соль</p><p><strong>Срок годности:</strong> при +2+6°С ≤ 72 ч</p><p><br></p>	https://platform.foodninja.pro/storage/43c6a0d1-4dbd-403f-b80d-73530b32741b/product/01KR4FH0P568V4EFC4T8YBRM2M.jpg	250	1	1		
Вторые блюда	Поджарка из минтая с картофельным пюре	198		<p><strong>Состав основного продукта: </strong> филе минтая, лук репчатый, масло подсолнечное, мука пшеничная высшего сорта, соль, перец черный</p><p><strong>Состав гарнира:</strong> картофель, масло сливочное, молоко сухое, соль</p><p><strong>Срок годности:</strong> при +2+6°С ≤ 72 ч</p><p><br></p>	https://platform.foodninja.pro/storage/43c6a0d1-4dbd-403f-b80d-73530b32741b/product/01KR4FGXQ8NDC8D5KXGY5GQRYJ.jpg	250	1	1		
Вторые блюда без гарнира	Плов	203		<p><strong>Состав  продукта:</strong>  говядина, рис, морковь, лук репчатый, масло подсолнечное, соль, перец черный</p><p><strong>Срок годности: </strong>при +2+6°С ≤ 72 ч</p><p><br></p>	https://platform.foodninja.pro/storage/43c6a0d1-4dbd-403f-b80d-73530b32741b/product/01KR4FHCZ99ASD1TJR3A3M77D3.jpg	200	1	1		
Вторые блюда	Печень «По-строгановски» с кашей гречневой	136		<p><strong>Состав основного продукта: </strong>печень, сметана, масло подсолнечное, паста томатная, мука пшеничная высшего сорта, соль, перец черный</p><p><strong>Состав гарнира:</strong> крупа гречневая, масло сливочное, масло подсолнечное, соль</p><p><strong>Срок годности:</strong> при +2+6°С ≤ 72 ч</p><p><br></p>	https://platform.foodninja.pro/storage/43c6a0d1-4dbd-403f-b80d-73530b32741b/product/01KR4FF1FMZEKAP7WCFDVK2EDG.jpg	250	1	1		
Вторые блюда	Печень «По-строгановски» с макаронами отварными	136		<p><strong>Состав основного продукта:</strong> печень, сметана, масло подсолнечное, паста томатная, мука пшеничная высшего сорта, соль, перец черный</p><p><strong>Состав гарнира:</strong> макаронные изделия, масло подсолнечное, масло сливочное, соль</p><p><strong>Срок годности:</strong> при +2+6°С ≤ 72 ч</p><p><br></p>	https://platform.foodninja.pro/storage/43c6a0d1-4dbd-403f-b80d-73530b32741b/product/01KR4FF00Y9EX5BV9DVXXSCTN8.jpg	250	1	1		
Вторые блюда	Печень «По-строгановски» с картофельным пюре	143		<p><strong>Состав основного продукта: </strong> печень, сметана, масло подсолнечное, паста томатная, мука пшеничная высшего сорта, соль, перец черный</p><p><strong>Состав гарнира:</strong> картофель, масло сливочное, молоко сухое, соль</p><p><strong>Срок годности:</strong> при +2+6°С ≤ 72 ч</p><p><br></p>	https://platform.foodninja.pro/storage/43c6a0d1-4dbd-403f-b80d-73530b32741b/product/01KR4FEYG3JPHBM9V0R66BW3EZ.jpg	250	1	1		
Вторые блюда	Отбивная куриная «Особенная» с картофелем запечённым	194		<p><strong>Состав основного продукта:</strong> курица, помидоры, мука пшеничная высшего сорта, масло подсолнечное, сыр, яйцо, соль, перец черный</p><p><strong>Состав гарнира:</strong> картофель, майонез, морковь, сыр, масло подсолнечное, соль</p><p><strong>Срок годности:</strong> при +2+6°С ≤ 72 ч</p><p><br></p>	https://platform.foodninja.pro/storage/43c6a0d1-4dbd-403f-b80d-73530b32741b/product/01KR4FDMFMX1A0X7N6XQAKGZJG.jpg	250	1	1		
Вторые блюда	Отбивная куриная «Особенная» с макаронами отварными	176		<p><strong>Состав основного продукта: </strong>курица, помидоры, мука пшеничная высшего сорта, масло подсолнечное, сыр, яйцо, соль, перец черный</p><p><strong>Состав гарнира:</strong> макаронные изделия, масло подсолнечное, масло сливочное, соль</p><p><strong>Срок годности:</strong> при +2+6°С ≤ 72 ч</p><p><br></p>	https://platform.foodninja.pro/storage/43c6a0d1-4dbd-403f-b80d-73530b32741b/product/01KR4FDKHJ8Q1H06MCK0J4FFZC.jpg	250	1	1		
Вторые блюда	Отбивная куриная «Особенная» с рисом отварным и овощами	176		<p><strong>Состав основного продукта:</strong> курица, помидоры, мука пшеничная высшего сорта, масло подсолнечное, сыр, яйцо, соль, перец черный</p><p><strong>Состав гарнира:</strong> рис, морковь, масло сливочное, масло подсолнечное, перец болгарский, кукуруза консервированная, горошек зеленый консервированный, фасоль стручковая, соль</p><p><strong>Срок годности:</strong> при +2+6°С ≤ 72 ч</p><p><br></p>	https://platform.foodninja.pro/storage/43c6a0d1-4dbd-403f-b80d-73530b32741b/product/01KR4FDJNQ2N7B78YTGQECB3DV.jpg	250	1	1		
Вторые блюда	Отбивная куриная «Особенная» с кашей гречневой	176		<p><strong>Состав основного продукта:</strong> курица, помидоры, мука пшеничная высшего сорта, масло подсолнечное, сыр, яйцо, соль, перец черный</p><p><strong>Состав гарнира:</strong> крупа гречневая, масло сливочное, масло подсолнечное, соль</p><p><strong>Срок годности:</strong> при +2+6°С ≤ 72 ч</p><p><br></p>	https://platform.foodninja.pro/storage/43c6a0d1-4dbd-403f-b80d-73530b32741b/product/01KR4FDHWTHGQD09H22XM9ET45.jpg	250	1	1		
Вторые блюда	Отбивная куриная «Особенная» с картофельным пюре	184		<p><strong>Состав основного продукта:</strong> курица, помидоры, мука пшеничная высшего сорта, масло подсолнечное, сыр, яйцо, соль, перец черный</p><p><strong>Состав гарнира: </strong>картофель, масло сливочное, молоко сухое, соль</p><p><strong>Срок годности:</strong> при +2+6°С ≤ 72 ч</p><p><br></p>	https://platform.foodninja.pro/storage/43c6a0d1-4dbd-403f-b80d-73530b32741b/product/01KR4FWMZ22V53FTXYAG2NRXCT.jpg	250	1	1		
Вторые блюда	Отбивная куриная в кляре с картофелем запечённым	172		<p><strong>Состав основного продукта:</strong> курица, майонез, масло подсолнечное, яйцо, мука пшеничная высший сорт, соль, перец, чеснок</p><p><strong>Состав гарнира:</strong> картофель, майонез, морковь, сыр, масло подсолнечное, соль</p><p><strong>Срок годности:</strong> при +2+6°С ≤ 72 ч</p><p><br></p>	https://platform.foodninja.pro/storage/43c6a0d1-4dbd-403f-b80d-73530b32741b/product/01KR4FBQNH1MFW8YTG15B1PCXX.jpg	230	1	1		
Вторые блюда	Отбивная куриная в кляре с макаронами отварными	154		<p><strong>Состав основного продукта:</strong> курица, майонез, масло подсолнечное, яйцо, мука пшеничная высший сорт, соль, перец, чеснок</p><p><strong>Состав гарнира:</strong> макаронные изделия, масло подсолнечное, масло сливочное, соль</p><p><strong>Срок годности: </strong>при +2+6°С ≤ 72 ч</p><p><br></p>	https://platform.foodninja.pro/storage/43c6a0d1-4dbd-403f-b80d-73530b32741b/product/01KR4FBPCMFZ0M62YG654NR4J3.jpg	230	1	1		
Вторые блюда	Отбивная куриная в кляре с рисом отварным и овощами	154		<p><strong>Состав основного продукта:</strong> курица, майонез, масло подсолнечное, яйцо, мука пшеничная высший сорт, соль, перец, чеснок</p><p><strong>Состав гарнира:</strong> рис, морковь, масло сливочное, масло подсолнечное, перец болгарский, кукуруза консервированная, горошек зеленый консервированный, фасоль стручковая, соль</p><p><strong>Срок годности:</strong> при +2+6°С ≤ 72 ч</p><p><br></p>	https://platform.foodninja.pro/storage/43c6a0d1-4dbd-403f-b80d-73530b32741b/product/01KR4FBNAH3JMNHV2VCRY3ZK7R.jpg	230	1	1		
Вторые блюда	Отбивная куриная в кляре с кашей гречневой	154		<p><strong>Состав основного продукта:</strong> курица, майонез, масло подсолнечное, яйцо, мука пшеничная высший сорт, соль, перец, чеснок</p><p><strong>Состав гарнира: </strong>крупа гречневая, масло сливочное, масло подсолнечное, соль</p><p><strong>Срок годности:</strong> при +2+6°С ≤ 72 ч</p><p><br></p>	https://platform.foodninja.pro/storage/43c6a0d1-4dbd-403f-b80d-73530b32741b/product/01KR4FBMCFZSBBXSA1Z4HSQE76.jpg	230	1	1		
Вторые блюда	Отбивная куриная в кляре с картофельным пюре	162		<p><strong>Состав основного продукта:</strong>  курица, майонез, масло подсолнечное, яйцо, мука пшеничная высший сорт, соль, перец, чеснок</p><p><strong>Состав гарнира:</strong> картофель, масло сливочное, молоко сухое, соль</p><p><strong>Срок годности:</strong> при +2+6°С ≤ 72 ч</p><p><br></p>	https://platform.foodninja.pro/storage/43c6a0d1-4dbd-403f-b80d-73530b32741b/product/01KR4FZY78BX0DGZ1DVPE66WCW.jpg	230	1	1		
Вторые блюда	Котлета рыбная с отварными макаронами	140		<p><strong>Состав основного продукта:</strong> филе щуки, шпик, лук репчатый, масло подсолнечное, хлеб, яйцо куриное, соль, перец черный молотый</p><p><strong>Состав гарнира:</strong> макаронные изделия, масло подсолнечное, масло сливочное, соль</p><p><strong>Срок годности: </strong>при +2+6°С ≤ 72 ч</p><p><br></p>	https://platform.foodninja.pro/storage/43c6a0d1-4dbd-403f-b80d-73530b32741b/product/01KR4F9Y7XD8ZSP443A3WBJV48.jpg	225	1	1		
Вторые блюда	Котлета рыбная с рисом отварным и овощами	140		<p><strong>Состав основного продукта:</strong> филе щуки, шпик, лук репчатый, масло подсолнечное, хлеб, яйцо куриное, соль, перец черный молотый</p><p><strong>Состав гарнира:</strong> рис, морковь, масло сливочное, масло подсолнечное, перец болгарский, кукуруза консервированная, горошек зеленый консервированный, фасоль стручковая, соль</p><p><strong>Срок годности:</strong> при +2+6°С ≤ 72 ч</p><p><br></p>	https://platform.foodninja.pro/storage/43c6a0d1-4dbd-403f-b80d-73530b32741b/product/01KR4F9X65PA4XY980JBK1GHCZ.jpg	225	1	1		
Вторые блюда	Котлета рыбная с картофельным пюре	148		<p><strong>Состав основного продукта:</strong> филе щуки, шпик, лук репчатый, масло подсолнечное, хлеб, яйцо куриное, соль, перец черный молотый</p><p><strong>Состав гарнира: </strong>картофель, масло сливочное, молоко сухое, соль</p><p><strong>Срок годности: </strong>при +2+6°С ≤ 72 ч</p><p><br></p>	https://platform.foodninja.pro/storage/43c6a0d1-4dbd-403f-b80d-73530b32741b/product/01KR4F9VJBQJZ7S8907YNY077T.jpg	225	1	1		
Вторые блюда	Котлета «По-хлыновски» с картофелем запечённым	159		<p><strong>Состав основного продукта: </strong>свинина, говядина, картофель, лук репчатый, мука пшеничная высший сорт, масло подсолнечное, яйцо, крупа манная, соль, перец черный</p><p><strong>Состав гарнира:</strong> картофель, майонез, морковь, сыр, масло подсолнечное, соль</p><p><strong>Срок годности:</strong> при +2+6°С ≤ 72 ч</p><p><br></p>	https://platform.foodninja.pro/storage/43c6a0d1-4dbd-403f-b80d-73530b32741b/product/01KR4F8S6VBZ0KBSGQ9NBR370Z.jpg	250	1	1		
Вторые блюда	Котлета «По-хлыновски» с макаронами отварными	142		<p><strong>Состав основного продукта:</strong> свинина, говядина, картофель, лук репчатый, мука пшеничная высший сорт, масло подсолнечное, яйцо, крупа манная, соль, перец черный</p><p><strong>Состав гарнира:</strong> макаронные изделия, масло подсолнечное, масло сливочное, соль.</p><p><strong>Срок годности:</strong> при +2+6°С ≤ 72 ч</p><p><br></p>	https://platform.foodninja.pro/storage/43c6a0d1-4dbd-403f-b80d-73530b32741b/product/01KR4F8QCCDXPFRJD8CFY6Q8QH.jpg	250	1	1		
Вторые блюда	Котлета «По-хлыновски» с кашей гречневой	142		<p><strong>Состав основного продукта:</strong> свинина, говядина, картофель, лук репчатый, мука пшеничная высший сорт, масло подсолнечное, яйцо, крупа манная, соль, перец черный</p><p><strong>Состав гарнира: </strong>крупа гречневая, масло сливочное, масло подсолнечное, соль</p><p><strong>Срок годности:</strong> при +2+6°С ≤ 72 ч</p><p><br></p>	https://platform.foodninja.pro/storage/43c6a0d1-4dbd-403f-b80d-73530b32741b/product/01KR4F8NTEEWFEKEN19HVNY3MB.jpg	250	1	1		
Вторые блюда	Котлета «По-хлыновски» с картофельным пюре	150		<p><strong>Состав основного продукта: </strong>свинина, говядина, картофель, лук репчатый, мука пшеничная высший сорт, масло подсолнечное, яйцо, крупа манная, соль, перец черный</p><p><strong>Состав гарнира:</strong> картофель свежий, масло сливочное, молоко сухое, соль.</p><p><strong>Срок годности:</strong> при +2+6°С ≤ 72 ч</p><p><br></p>	https://platform.foodninja.pro/storage/43c6a0d1-4dbd-403f-b80d-73530b32741b/product/01KR4F8M833HCYXNF2WS9A9F3D.jpg	250	1	1		
Вторые блюда	Котлета куриная «Гнездо» с макаронами отварными	170		<p><strong>Состав основного продукта:</strong> куриное филе, шампиньоны с/м, шпик свиной, хлеб пшеничный, лук репчатый, майонез, соль, перец черный, яйцо</p><p><strong>Состав гарнира:</strong> макаронные изделия, масло подсолнечное, масло сливочное, соль.</p><p><strong>Срок годности: </strong>при +2+6°С ≤ 72 ч</p><p><br></p>	https://platform.foodninja.pro/storage/43c6a0d1-4dbd-403f-b80d-73530b32741b/product/01KR4F71TK6J1XDD5B4K0Z3BRV.jpg	250	1	1		
Вторые блюда	Котлета куриная «Гнездо» с картофельным пюре	178		<p><strong>Состав основного продукта:</strong> куриное филе, шампиньоны с/м, шпик свиной, хлеб пшеничный, лук репчатый, майонез, соль, перец черный, яйцо</p><p><strong>Состав гарнира:</strong> картофель свежий, масло сливочное, молоко сухое, соль.</p><p><strong>Срок годности:</strong> при +2+6°С ≤ 72 ч</p>	https://platform.foodninja.pro/storage/43c6a0d1-4dbd-403f-b80d-73530b32741b/product/01KR4F70GYYEKKHVMQMFNYGGVZ.jpg	250	1	1		
Вторые блюда	Котлета куриная с картофелем запечённым	167		<p><strong>Состав основного продукта: </strong>филе куриное, лук репчатый, сухари панировочные, яйцо, соль, перец черный</p><p><strong>Состав гарнира:</strong> картофель, майонез, морковь, сыр, масло подсолнечное, соль.</p><p><strong>Срок годности:</strong> при +2+6°С ≤ 72 ч</p><p><br></p>	https://platform.foodninja.pro/storage/43c6a0d1-4dbd-403f-b80d-73530b32741b/product/01KR4FY7B19TAMGATAESX4ASPS.jpg	240	1	1		
Вторые блюда	Котлета куриная с макаронами отварными	150		<p><strong>Состав основного продукта:</strong> филе куриное, лук репчатый, сухари панировочные, яйцо, соль, перец черный</p><p><strong>Состав гарнира:</strong> макаронные изделия, масло подсолнечное, масло сливочное, соль.</p><p><strong>Срок годности:</strong> при +2+6°С ≤ 72 ч</p><p><br></p>	https://platform.foodninja.pro/storage/43c6a0d1-4dbd-403f-b80d-73530b32741b/product/01KR4F6WDQENFBN8GVAPE2VPG3.jpg	240	1	1		
Вторые блюда	Котлета куриная с рисом отварным и овощами	150		<p><strong>Состав основного продукта:</strong> филе куриное, лук репчатый, сухари панировочные, яйцо, соль, перец черный</p><p><strong>Состав гарнира:</strong> рис, морковь, масло подсолнечное, масло сливочное, перец болгарский, кукуруза консервированная, горошек зеленый консервированный, фасоль стручковая, соль.</p><p><strong>Срок годности:</strong> при +2+6°С ≤ 72 ч</p><p><br></p>	https://platform.foodninja.pro/storage/43c6a0d1-4dbd-403f-b80d-73530b32741b/product/01KR4F6V47N7X9ENFMPF544V13.jpg	240	1	1		
Вторые блюда	Котлета куриная с кашей гречневой	150		<p><strong>Состав основного продукта:</strong> филе куриное, лук репчатый, сухари панировочные, яйцо, соль, перец черный</p><p><strong>Состав гарнира:</strong> крупа гречневая, масло сливочное, масло подсолнечное, соль</p><p><strong>Срок годности:</strong> при +2+6°С ≤ 72 ч</p><p><br></p>	https://platform.foodninja.pro/storage/43c6a0d1-4dbd-403f-b80d-73530b32741b/product/01KR4F6TAYMY3GY8KSEXH0DPEM.jpg	240	1	1		
Вторые блюда	Котлета куриная с картофельным пюре	157		<p><strong>Состав основного продукта:</strong> филе куриное, лук репчатый, сухари панировочные, яйцо, соль, перец черный</p><p><strong>Состав гарнира:</strong> картофель свежий, масло сливочное, молоко сухое, соль.</p><p><strong>Срок годности:</strong> при +2+6°С ≤ 72 ч</p><p><br></p>	https://platform.foodninja.pro/storage/43c6a0d1-4dbd-403f-b80d-73530b32741b/product/01KR4F6SB70R6PB71PS1GP00YE.jpg	240	1	1		
Вторые блюда	Котлета «Киевская» с макаронами отварными	181		<p><strong>Состав основного продукта:</strong> курица, масло подсолнечное, сухари панировочные, яйцо, хлеб пшеничный, масло сливочное, зелень свежая, соль, перец черный</p><p><strong>Состав гарнира: </strong>макаронные изделия, масло подсолнечное, масло сливочное, соль.</p><p><strong>Срок годности:</strong> при +2+6°С ≤ 72 ч</p><p><br></p>	https://platform.foodninja.pro/storage/43c6a0d1-4dbd-403f-b80d-73530b32741b/product/01KR4F1H8MQGC1FHFE7F0EST2H.jpg	250	1	1		
Вторые блюда	Котлета "Киевская" с картофельным пюре	175		<p><strong>Состав основного продукта:</strong> курица, масло подсолнечное, сухари панировочные, яйцо, хлеб пшеничный, масло сливочное, зелень свежая, соль, перец черный</p><p><strong>Состав гарнира:</strong> картофель, масло сливочное, молоко сухое, соль</p><p><strong>Срок годности:</strong> при +2+6°С ≤ 72 ч</p><p><br></p>	https://platform.foodninja.pro/storage/43c6a0d1-4dbd-403f-b80d-73530b32741b/product/01KR4F1FC6MQ9BMF24FGD4DWTW.jpg	250	1	1		
Вторые блюда	Котлета из индейки на гриле с макаронами отварными	157		<p><strong>Состав основного продукта:</strong> филе бедра индейки, жир куриный, лук репчатый, хлеб пшеничный, соль, перец черный, яйцо, мука пшеничная, приправа для курицы</p><p><strong>Состав гарнира:</strong> макаронные изделия, масло подсолнечное, масло сливочное, соль.</p><p><strong>Срок годности:</strong> при +2+6°С ≤ 72 ч</p><p><br></p>	https://platform.foodninja.pro/storage/43c6a0d1-4dbd-403f-b80d-73530b32741b/product/01KR4F1DWJH6C57GH8H8PZBKD5.jpg	240	1	1		
Вторые блюда	Котлета из индейки на гриле с картофельным пюре	165		<p><strong>Состав основного продукта: </strong>филе бедра индейки, жир куриный, лук репчатый, хлеб пшеничный, соль, перец черный, яйцо, мука пшеничная, приправа для курицы</p><p><strong>Состав гарнира:</strong> картофель свежий, масло сливочное, молоко сухое, соль.</p><p><strong>Срок годности:</strong> при +2+6°С ≤ 72 ч</p><p><br></p>	https://platform.foodninja.pro/storage/43c6a0d1-4dbd-403f-b80d-73530b32741b/product/01KR4F1CMSYTSYAZV01N4S64Y2.jpg	240	1	1		
Вторые блюда	Котлета домашняя с рисом отварным и овощами	136		<p><strong>Состав основного продукта:</strong> свинина, говядина, лук репчатый, масло подсолнечное, хлеб, мука, сухари панировочные, чеснок, соль, перец черный</p><p><strong>Состав гарнира:</strong> рис, морковь, масло подсолнечное, масло сливочное, перец болгарский, кукуруза консервированная, горошек зеленый консервированный, фасоль стручковая, соль.</p><p><strong>Срок годности:</strong> при +2+6°С ≤ 72 ч</p><p><br></p>	https://platform.foodninja.pro/storage/43c6a0d1-4dbd-403f-b80d-73530b32741b/product/01KR4EZ0G0V3GSJWRMG12VYVPZ.jpg	250	1	1		
Вторые блюда	Котлета домашняя с картофелем запечённым	153		<p><strong>Состав основного продукта: </strong>свинина, говядина, лук репчатый, масло подсолнечное, хлеб, мука, сухари панировочные, чеснок, соль, перец черный</p><p><strong>Состав гарнира:</strong> картофель, майонез, морковь, сыр, масло подсолнечное, соль</p><p><strong>Срок годности:</strong> при +2+6°С ≤ 72 ч</p><p><br></p>	https://platform.foodninja.pro/storage/43c6a0d1-4dbd-403f-b80d-73530b32741b/product/01KR4G2AGC9KFMMY6V80RHD8W4.jpg	250	1	1		
Вторые блюда	Котлета домашняя с кашей гречневой	136		<p><strong>Состав основного продукта:</strong> свинина, говядина, лук репчатый, масло подсолнечное, хлеб, мука, сухари панировочные, чеснок, соль, перец черный</p><p><strong>Состав гарнира:</strong> крупа гречневая, масло сливочное, масло подсолнечное, соль</p><p><strong>Срок годности:</strong> при +2+6°С ≤ 72 ч</p><p><br></p>	https://platform.foodninja.pro/storage/43c6a0d1-4dbd-403f-b80d-73530b32741b/product/01KR4EYQS2W9WV8WS0XMEYHJFA.jpg	250	1	1		
Вторые блюда	Котлета домашняя с макаронами отварными	136		<p><strong>Состав основного продукта:</strong> свинина, говядина, лук репчатый, масло подсолнечное, хлеб, мука, сухари панировочные, чеснок, соль, перец черный</p><p><strong>Состав гарнира:</strong> макаронные изделия, масло подсолнечное, масло сливочное, соль.</p><p><strong>Срок годности:</strong> при +2+6°С ≤ 72 ч</p><p><br></p>	https://platform.foodninja.pro/storage/43c6a0d1-4dbd-403f-b80d-73530b32741b/product/01KR4EYP7J8ESEGDK4W544AP24.jpg	250	1	1		
Вторые блюда	Котлета домашняя с картофельным пюре	143		<p><strong>Состав основного продукта:</strong> свинина, говядина, лук репчатый, масло подсолнечное, хлеб, мука, сухари панировочные, чеснок, соль, перец черный</p><p><strong>Состав гарнира:</strong> картофель свежий, масло сливочное, молоко сухое, соль.</p><p><strong>Срок годности:</strong> при +2+6°С ≤ 72 ч</p><p><br></p>	https://platform.foodninja.pro/storage/43c6a0d1-4dbd-403f-b80d-73530b32741b/product/01KR4EYN39S4QSZGAEDEBD2233.jpg	250	1	1		
Вторые блюда	Зраза рубленая с яйцом с кашей гречневой	145		<p><strong>Состав основного продукта:</strong> говядина, свинина, яйцо, лук репчатый, мука пшеничная высшего сорта, масло подсолнечное, хлеб, соль, перец черный</p><p><strong>Состав гарнира:</strong> крупа гречневая, масло сливочное, масло подсолнечное, соль</p><p><strong>Срок годности:</strong> при +2+6°С ≤ 72 ч</p><p><br></p>	https://platform.foodninja.pro/storage/43c6a0d1-4dbd-403f-b80d-73530b32741b/product/01KR4ETWXTWP5ZNSFGGNJ3TCQC.jpg	270	1	1		
Вторые блюда	Зраза рубленая с яйцом с макаронами отварными	145		<p><strong>Состав основного продукта:</strong> говядина, свинина, яйцо, лук репчатый, мука пшеничная высшего сорта, масло подсолнечное, хлеб, соль, перец черный</p><p><strong>Состав гарнира:</strong> макаронные изделия, масло подсолнечное, масло сливочное, соль.</p><p><strong>Срок годности:</strong> при +2+6°С ≤ 72 ч</p><p><br></p>	https://platform.foodninja.pro/storage/43c6a0d1-4dbd-403f-b80d-73530b32741b/product/01KR4EWMVN64S48YV9602M909B.jpg	270	1	1		
Вторые блюда	Зраза рубленая с яйцом с рисом отварным и овощами	145		<p><strong>Состав основного продукта: </strong>говядина, свинина, яйцо, лук репчатый, мука пшеничная высшего сорта, масло подсолнечное, хлеб, соль, перец черный</p><p><strong>Состав гарнира:</strong> рис, морковь, масло подсолнечное, масло сливочное, перец болгарский, кукуруза консервированная, горошек зеленый консервированный, фасоль стручковая, соль.</p><p><strong>Срок годности:</strong> при +2+6°С ≤ 72 ч</p><p><br></p>	https://platform.foodninja.pro/storage/43c6a0d1-4dbd-403f-b80d-73530b32741b/product/01KR4ETQEJ421CB0GQ3E9T27M6.jpg	270	1	1		
Вторые блюда	Зраза рубленая с яйцом с картофельным пюре	153		<p><strong>Состав основного продукта:</strong> говядина, свинина, яйцо, лук репчатый, мука пшеничная высшего сорта, масло подсолнечное, хлеб, соль, перец черный</p><p><strong>Состав гарнира:</strong> картофель, масло сливочное, молоко сухое, соль.</p><p><strong>Срок годности:</strong> при +2+6°С ≤ 72 ч</p><p><br></p>	https://platform.foodninja.pro/storage/43c6a0d1-4dbd-403f-b80d-73530b32741b/product/01KR4EWEMSVCEBKQQQRCC06P65.jpg	270	1	1		
Вторые блюда	Зраза рубленая с яйцом и картофелем запечённым	162		<p><strong>Состав основного продукта: </strong>говядина, свинина, яйцо, лук репчатый, мука пшеничная высшего сорта, масло подсолнечное, хлеб, соль, перец черный</p><p><strong>Состав гарнира: </strong>картофель, майонез, морковь, сыр, масло подсолнечное, соль.</p><p><strong>Срок годности: </strong>при +2+6°С ≤ 72 ч</p><p><br></p>	https://platform.foodninja.pro/storage/43c6a0d1-4dbd-403f-b80d-73530b32741b/product/01KR4ETE87HYVC05A4WHKK592W.jpg	270	1	1		
Вторые блюда	Гуляш из говядины с кашей гречневой	280		<p><strong>Состав основного продукта:</strong> говядина, лук репчатый, паста томатная, мука пшеничная высшего сорта, масло подсолнечное, соль, перец черный</p><p><strong>Состав гарнира:</strong> крупа гречневая, масло сливочное, масло подсолнечное, соль</p><p><strong>Срок годности: </strong>при +2+6°С ≤ 72 ч</p><p><br></p>	https://platform.foodninja.pro/storage/43c6a0d1-4dbd-403f-b80d-73530b32741b/product/01KR4EVYWB36FC7XHCMK0WPFDT.jpg	250	1	1		
Вторые блюда	Гуляш из говядины с макаронами отварными	280		<p><strong>Состав основного продукта:</strong> говядина, лук репчатый, паста томатная, мука пшеничная высшего сорта, масло подсолнечное, соль, перец черный</p><p><strong>Состав гарнира:</strong> макаронные изделия, масло подсолнечное, масло сливочное, соль.</p><p><strong>Срок годности:</strong> при +2+6°С ≤ 72 ч</p><p><br></p>	https://platform.foodninja.pro/storage/43c6a0d1-4dbd-403f-b80d-73530b32741b/product/01KR4ETC1D7WY78V5427W13CT5.jpg	250	1	1		
Вторые блюда	Гуляш из говядины с картофельным пюре	288		<p><strong>Состав основного продукта: </strong>говядина, лук репчатый, паста томатная, мука пшеничная высшего сорта, масло подсолнечное, соль, перец черный</p><p><strong>Состав гарнира: </strong>картофель, масло сливочное, молоко сухое, соль.</p><p><strong>Срок годности:</strong> при +2+6°С ≤ 72 ч</p>	https://platform.foodninja.pro/storage/43c6a0d1-4dbd-403f-b80d-73530b32741b/product/01KR4ETB5HPCMJEEB7BFTS3CG3.jpg	250	1	1		
Вторые блюда	Бифштекс с картофелем запечённым	193		<p><strong>Состав основного продукта:</strong> говядина, свинина, мука пшеничная высшего сорта, масло подсолнечное, яйцо, соль, перец черный</p><p><strong>Состав гарнира: </strong> картофель, майонез, морковь, сыр, масло подсолнечное, соль.</p><p><strong>Срок годности:</strong> при +2+6°С ≤ 72 ч</p><p><br></p>	https://platform.foodninja.pro/storage/43c6a0d1-4dbd-403f-b80d-73530b32741b/product/01KR4EQYT9G8H0VKVK28YHVQQB.jpg	225	1	1		
Вторые блюда	Бифштекс с макаронами отварными	161		<p><strong>Состав основного продукта:</strong> говядина, свинина, мука пшеничная высшего сорта, масло подсолнечное, яйцо, соль, перец черный</p><p><strong>Состав гарнира:</strong> макаронные изделия, масло подсолнечное, масло сливочное, соль.</p><p><strong>Срок годности:</strong> при +2+6°С ≤ 72 ч</p><p><br></p>	https://platform.foodninja.pro/storage/43c6a0d1-4dbd-403f-b80d-73530b32741b/product/01KR4EQY0ES9Q5W82063015JXD.jpg	225	1	1		
Вторые блюда	Бифштекс с картофельным пюре	168		<p><strong>Состав основного продукта: </strong>говядина, свинина, мука пшеничная высшего сорта, масло подсолнечное, яйцо, соль, перец черный</p><p><strong>Состав гарнира:</strong> картофель, масло сливочное, молоко сухое, соль.</p><p><strong>Срок годности:</strong> при +2+6°С ≤ 72 ч</p><p><br></p>	https://platform.foodninja.pro/storage/43c6a0d1-4dbd-403f-b80d-73530b32741b/product/01KR4EQX5FYHXMNY5YRPSPCMWY.jpg	225	1	1		
Вторые блюда	Бифштекс с кашей гречневой	161		<p><strong>Состав основного продукта:</strong> говядина, свинина, мука пшеничная высшего сорта, масло подсолнечное, яйцо, соль, перец черный</p><p><strong>Состав гарнира:</strong> крупа гречневая, масло сливочное, масло подсолнечное, соль.</p><p><strong>Срок годности:</strong> при +2+6°С ≤ 72 ч</p><p><br></p>	https://platform.foodninja.pro/storage/43c6a0d1-4dbd-403f-b80d-73530b32741b/product/01KR4EQW882WQ2ZXZ6P6M9VSSN.jpg	225	1	1		
Вторые блюда	Биточек куриный с рисом отварным и овощами	145		<p><strong>Состав основного продукта:</strong> курица, свинина, хлеб, сухари панировочные, лук репчатый, яйцо, масло подсолнечное, соль, перец черный, чеснок</p><p><strong>Состав гарнира:</strong> рис, морковь, масло подсолнечное, масло сливочное, перец болгарский, кукуруза консервированная, горошек зеленый консервированный, фасоль стручковая, соль.</p><p><strong>Срок годности:</strong> при +2+6°С ≤ 72 ч</p><p><br></p>	https://platform.foodninja.pro/storage/43c6a0d1-4dbd-403f-b80d-73530b32741b/product/01KR4ENQFCGS0FDB1AY6SRRCD6.jpg	225	1	1		
Вторые блюда	Биточек куриный с макаронами отварными	145		<p><strong>Состав основного продукта:</strong> курица, свинина, хлеб, сухари панировочные, лук репчатый, яйцо, масло подсолнечное, соль, перец черный, чеснок</p><p><strong>Состав гарнира:</strong> макаронные изделия, масло подсолнечное, масло сливочное, соль.</p><p><strong>Срок годности: </strong>при +2+6°С ≤ 72 ч</p><p><br></p>	https://platform.foodninja.pro/storage/43c6a0d1-4dbd-403f-b80d-73530b32741b/product/01KR4ENN7T2ZF84A9Y3ZNAPWYT.jpg	225	1	1		
Вторые блюда	Биточек куриный с кашей гречневой	145		<p><strong>Состав основного продукта:</strong> курица, свинина, хлеб, сухари панировочные, лук репчатый, яйцо, масло подсолнечное, соль, перец черный, чеснок</p><p><strong>Состав гарнира:</strong> крупа гречневая, масло сливочное, масло подсолнечное, соль.</p><p><strong>Срок годности: </strong>при +2+6°С ≤ 72 ч</p><p><br></p>	https://platform.foodninja.pro/storage/43c6a0d1-4dbd-403f-b80d-73530b32741b/product/01KR4ENJYTGNE6GCRXYDMCMSA9.jpg	225	1	1		
Вторые блюда	Биточек куриный с картофельным пюре	153		<p><strong>Состав основного продукта:</strong> курица, свинина, хлеб, сухари панировочные, лук репчатый, яйцо, масло подсолнечное, соль, перец черный, чеснок</p><p><strong>Состав гарнира:</strong> картофель, масло сливочное, молоко сухое, соль.</p><p>Срок годности: при +2+6°С ≤ 72 ч</p><p><br></p>	https://platform.foodninja.pro/storage/43c6a0d1-4dbd-403f-b80d-73530b32741b/product/01KR4ENGW6BTKJFW9E581K0GW4.jpg	225	1	1		
Вторые блюда	Биточек куриный с картофелем запечённым	162		<p><strong>Состав основного продукта:</strong> курица, свинина, хлеб, сухари панировочные, лук репчатый, яйцо, масло подсолнечное, соль, перец черный, чеснок</p><p><strong>Состав гарнира:</strong> картофель, майонез, морковь, сыр, масло подсолнечное, соль.</p><p><strong>Срок годности:</strong> при +2+6°С ≤ 72 ч</p><p><br></p>	https://platform.foodninja.pro/storage/43c6a0d1-4dbd-403f-b80d-73530b32741b/product/01KR4ENF8T2NAY2DE766TYW4NJ.jpg	225	1	1		
Бутерброды	Панини с курицей и колбасой	129		<p><strong>Состав:</strong> Мука пшеничная в.с., мясо курицы, огурцы маринованные, вода, колбаса п/к чесночная, сыр сливочный, кетчуп, маргарин 60%, дрожжи, сахар, аджика, молоко сухое, масло растительное, соль, чеснок, укроп, яйцо, соль.</p><p><strong>ВНИМАНИЕ: </strong>ПРОДУКТ СОДЕРЖИТ АЛЛЕРГЕНЫ.</p><p><strong>Срок годности:</strong> при +2+6°С ≤ 72 ч</p>	https://platform.foodninja.pro/storage/43c6a0d1-4dbd-403f-b80d-73530b32741b/product/01KR4EKNMCNDTKE2QVRXN42QC8.jpg	120	1	1		
Бутерброды	Панини с ветчиной и помидором	92		<p><strong>Состав:</strong> Мука пшеничная в/с, ветчина, майонез, маргарин, вода питьевая, соль пищевая, маслины маринованные, масло подсолнечное, дрожжи прессованные, сахар-песок, яичный порошок, чеснок сушеный.</p><p><strong>ВНИМАНИЕ: </strong>ПРОДУКТ СОДЕРЖИТ АЛЛЕРГЕНЫ.</p><p><strong>Срок годности:</strong> при +2+6°С ≤ 72 ч</p>	https://platform.foodninja.pro/storage/43c6a0d1-4dbd-403f-b80d-73530b32741b/product/01KR4EKM1HRVTWBDY94M07RNXR.jpg	110	1	1		
Вторые блюда	Бигус с картофельным пюре	150		<p><strong>Состав продукта:</strong> капуста свежая, картофель, свинина, лук репчатый, морковь, масло сливочное, масло подсолнечное, томатная паста, молоко сухое, соль, сахар, перец черный.</p><p><strong>Срок годности: </strong>при +2+6°С ≤ 48 ч</p>	https://platform.foodninja.pro/storage/43c6a0d1-4dbd-403f-b80d-73530b32741b/product/01KR4EKJSKEHJNTE5YJ3H0R9VZ.jpg	250	1	1		
Вторые блюда без гарнира	Бигус	162		<p><strong>Состав продукта:</strong> капуста, свинина, морковь, лук репчатый, масло подсолнечное, томатная паста, соль, сахар, перец черный, специи.</p><p><strong>Срок годности:</strong> при +2+6°С ≤ 48 ч</p><p><br></p>	https://platform.foodninja.pro/storage/43c6a0d1-4dbd-403f-b80d-73530b32741b/product/01KR4EKH9ESQX5GB0BM2N5E9SC.jpg	250	1	1		
Салаты	Салат «С фунчозой и курицей»	126		<p><strong>Состав:</strong> мясо куриное, лапша фунчоза, перец болгарский, морковь, огурец, специи, масло подсолнечное.</p><p><strong>Срок годности:</strong> при +2+6°C ≤ 72 часов</p><p><br></p>	https://platform.foodninja.pro/storage/43c6a0d1-4dbd-403f-b80d-73530b32741b/product/01KR4EHMGV2MJ88368HTDZPCW8.jpg	140	1	1		
Салаты	Салат закусочный с курицей и ананасом	162		<p><strong>Состав: </strong>Мясо куриное, кукуруза консервированная, ананас консервированный, огурец свежий, яйцо куриное, майонез.</p><p><strong>Срок годности:</strong> при +2+6°C ≤ 72 часов</p><p><br></p><p><br></p><p><br></p>	https://platform.foodninja.pro/storage/43c6a0d1-4dbd-403f-b80d-73530b32741b/product/01KR4EHKATNXER2CT7BKVJBJPT.jpg	140	1	1		
Салаты	Салат закусочный из курицы и овощей с сухариками	132		<p><strong>Состав:</strong> Мясо куриное, капуста белокочанная свежая, майонез, морковь свежая, огурец свежий, сухари пшеничные, масло растительное, соль, приправа для моркови, соус соевый, чеснок свежий.</p><p><strong>Срок годности: </strong>при +2+6°C ≤ 72 часа</p><p><br></p>	https://platform.foodninja.pro/storage/43c6a0d1-4dbd-403f-b80d-73530b32741b/product/01KR4EHC67HGS628ZHV2RCWR3K.jpg	140	1	1		
Бутерброды	Бутерброд № 15 с куриной котлетой	136		<p><strong>Состав: </strong>Булочка, курица, майонез, свинина, лук репчатый, кетчуп, сыр, масло подсолнечное, маргарин, сахар, яйцо куриное, дрожжи, чеснок, соль, перец черный молотый.</p><p><strong>Срок годности: </strong>при +2+6°C ≤ 72 часа</p>	https://platform.foodninja.pro/storage/43c6a0d1-4dbd-403f-b80d-73530b32741b/product/01KR4EE75KJP5CXSHHWAPXBWZC.jpg	160	1	1		
Бутерброды	Бутерброд № 14 с куриной отбивной	136		<p><strong>Состав:</strong> Булочка, курица, майонез, масло подсолнечное, маргарин, сахар, дрожжи, яйцо куриное, чеснок, соль, специи.</p><p><strong>Срок годности:</strong> при +2+6°C ≤ 72 часа</p>	https://platform.foodninja.pro/storage/43c6a0d1-4dbd-403f-b80d-73530b32741b/product/01KR4EE593KDVE7ZN49XV24RFZ.jpg	160	1	1		
Бутерброды	Бутерброд № 9 с бифштексом	125		<p><strong>Состав: </strong>Булочка, свинина, говядина, майонез, масло подсолнечное, маргарин, сахар, яйцо куриное, дрожжи, чеснок, соль, специи.</p><p><strong>Срок годности:</strong> при +2+6°C ≤ 72 часа</p>	https://platform.foodninja.pro/storage/43c6a0d1-4dbd-403f-b80d-73530b32741b/product/01KR4EE3C8EC8S1MCJ22QF7PCH.jpg	190	1	1		
Бутерброды	Бутерброд № 8 с колбасой полукопчёной	103		<p><strong>Состав:</strong> Булочка, колбаса полукопченая, майонез, огурец консервированный, маргарин, сахар, масло подсолнечное, дрожжи, яйцо куриное, чеснок, соль.</p><p><strong>Срок годности:</strong> при +2+6°C ≤ 72 часа</p>	https://platform.foodninja.pro/storage/43c6a0d1-4dbd-403f-b80d-73530b32741b/product/01KR4EE1GRHCWK3SRE54XZHZ72.jpg	160	1	1		
Бутерброды	Бутерброд № 7 с курицей	110		<p><strong>Состав:</strong> Булочка, курица, майонез, перец болгарский, маргарин, сахар, масло подсолнечное, аджика, дрожжи, яйцо, чеснок, соль.</p><p><strong>Срок годности:</strong> при +2+6°C ≤ 72 часа</p>	https://platform.foodninja.pro/storage/43c6a0d1-4dbd-403f-b80d-73530b32741b/product/01KR4EDZCC0T23HCT4K0B42NRM.jpg	160	1	1		
Бутерброды	Бутерброд № 6 с говядиной	136		<p><strong>Состав: </strong>Булочка, говядина варено-копченая, майонез, кетчуп, сыр, маргарин, сахар, масло подсолнечное, дрожжи, яйцо, чеснок, соль.</p><p><strong>Срок годности:</strong> при +2+6°C ≤ 72 часа</p>	https://platform.foodninja.pro/storage/43c6a0d1-4dbd-403f-b80d-73530b32741b/product/01KR4EDX9GD16B5DQYJQQZKKQH.jpg	160	1	1		
Бутерброды	Бутерброд № 5 с грудинкой	121		<p><strong>Состав: </strong>Булочка, бекон, майонез, огурец консервированный, маргарин, сахар, масло подсолнечное, дрожжи, яйцо, укроп свежий, соль.</p><p><strong>Срок годности:</strong> при +2+6°C ≤ 72 часа</p>	https://platform.foodninja.pro/storage/43c6a0d1-4dbd-403f-b80d-73530b32741b/product/01KR4EDVJJN5M199XZPY42HPH1.jpg	160	1	1		
Бутерброды	Бутерброд № 4 с котлетой	125		<p><strong>Состав: </strong>Булочка, майонез, лук репчатый, кетчуп, свинина, говядина, масло подсолнечное, маргарин, сахар, дрожжи, яйцо куриное, соль, чеснок, перец черный молотый.</p><p><strong>Срок годности:</strong> при +2+6°C ≤ 72 часа</p>	https://platform.foodninja.pro/storage/43c6a0d1-4dbd-403f-b80d-73530b32741b/product/01KR4EDS0JFX9ED1R2XCNGTHEX.jpg	160	1	1		
Бутерброды	Бутерброд № 3 хот-дог	114		<p><strong>Состав:</strong> Булочка, сосиска, майонез, кетчуп, сыр, маргарин, сахар, масло подсолнечное, дрожжи, яйцо куриное, чеснок, соль, зелень петрушки.</p><p><strong>Срок годности: </strong>при +2+6°C ≤ 72 часа</p>	https://platform.foodninja.pro/storage/43c6a0d1-4dbd-403f-b80d-73530b32741b/product/01KR4EDQM3KQTJD22W3Q0ARCBY.jpg	210	1	1		
Бутерброды	Бутерброд № 2 с колбасой и сыром	110		<p><strong>Состав:</strong> Булочка, колбаса полукопченая, майонез, сыр, маргарин, сахар, масло подсолнечное, дрожжи, яйцо куриное, чеснок, соль.</p><p><strong>Срок годности:</strong> при +2+6°C ≤ 72 часа</p>	https://platform.foodninja.pro/storage/43c6a0d1-4dbd-403f-b80d-73530b32741b/product/01KR4EDP8Y5WWA3BZSA141RP3K.jpg	160	1	1		
Бутерброды	Бутерброд № 1 с ветчиной и сыром	107		<p><strong>Состав:</strong> Булочка, ветчина, майонез, сыр, маргарин, сахар, масло подсолнечное, дрожжи, яйцо куриное, чеснок, соль.</p><p><strong>Срок годности:</strong> при +2+6°C ≤ 72 часа</p>	https://platform.foodninja.pro/storage/43c6a0d1-4dbd-403f-b80d-73530b32741b/product/01KR4EDME6DW0EGMGW36H5TNP5.jpg	160	1	1		
Салаты	Салат с говядиной и морковью	175		<p><strong>Состав: </strong>Говядина, огурцы, помидоры, морковь, чеснок, майонез.</p><p><strong>Срок годности:</strong> при +2+6°С ≤ 72 ч</p>	https://platform.foodninja.pro/storage/43c6a0d1-4dbd-403f-b80d-73530b32741b/product/01KR4E9ZB7GV6S1J6E0CARTGJ7.jpg	140	1	1		
Салаты	Салат «С печенью»	150		<p><strong>Состав:</strong> Печень говяжья, огурец, яйцо, лук репчатый, масло растительное, майонез.</p><p><strong>Срок годности:</strong> при +2+6°С ≤ 72 ч</p>	https://platform.foodninja.pro/storage/43c6a0d1-4dbd-403f-b80d-73530b32741b/product/01KR4E9YFH9KJ3XCN19NNNR6JG.jpg	140	1	1		
Салаты	Салат № 2 с курицей и картофелем	115		<p><strong>Состав: </strong>куриное мясо, отварной картофель, огурцы маринованные, майонез, зеленый горошек консервированный, куриное яйцо, соль</p><p><strong>Срок годности:</strong> при +2+6°C ≤ 72 часа</p><p><br></p>	https://platform.foodninja.pro/storage/43c6a0d1-4dbd-403f-b80d-73530b32741b/product/01KR4E9XAZQ35AX3BRJ4M8ASC1.jpg	140	1	1		
Салаты	Салат «Гнездо глухаря»	179		<p><strong>Состав:</strong> Шампиньоны, картофель, огурцы, сыр, филе куриное, яйцо перепелиное, майонез.</p><p><strong>Срок годности:</strong> при +2+6°С ≤ 48 ч</p>	https://platform.foodninja.pro/storage/43c6a0d1-4dbd-403f-b80d-73530b32741b/product/01KR4E9WGY86ER88TKYMA3SZ0E.jpg	150	1			
Салаты	Салат «Цезарь»	165		<p><strong>Состав:</strong> Куриное филе, помидоры, майонез, сыр голландский, лист салата, пшеничный хлеб, чеснок, соль, перец</p><p><strong>Срок годности:</strong> при +2+6°C ≤ 48 часов</p>	https://platform.foodninja.pro/storage/43c6a0d1-4dbd-403f-b80d-73530b32741b/product/01KR4E9VJ12DFN9EH2C568NPXH.jpg	150	1	1		
Салаты	Салат «Сельдь под шубой»	106		<p><strong>Состав:</strong> Филе сельди соленое, свекла отварная, картофель отварной, морковь отварная, лук репчатый, яйцо куриное, соль, майонез.</p><p><strong>Срок годности:</strong> при +2+6°С ≤ 72 ч</p>	https://platform.foodninja.pro/storage/43c6a0d1-4dbd-403f-b80d-73530b32741b/product/01KR4E9TR8GYB9GJWR16SC0HWB.jpg	140	1	1		
Салаты	Салат «Свежий»	96		<p><strong>Состав:</strong> Капуста, помидоры, огурцы, перец болгарский, масло подсолнечное.</p><p><strong>Срок годности:</strong> при +2+6°С ≤ 72 ч</p>	https://platform.foodninja.pro/storage/43c6a0d1-4dbd-403f-b80d-73530b32741b/product/01KR4E9SPD88FJP854DNNEKYBX.jpg	140	1	1		
Салаты	Салат «С ветчиной»	139		<p><strong>Состав:</strong> Ветчина, сыр, огурец, яйцо, майонез.</p><p><strong>Срок годности:</strong> при +2+6°С ≤ 72 ч</p>	https://platform.foodninja.pro/storage/43c6a0d1-4dbd-403f-b80d-73530b32741b/product/01KR4EA5K75YK93WFCGHMC6A91.jpg	140	1	1		
Салаты	Салат «Оливье»	106		<p><strong>Состав:</strong> Колбаса вареная, картофель отварной, огурец маринованный, майонез, горошек зеленый консервированный, морковь отварная, яйцо куриное, соль.</p><p><strong>Срок годности:</strong> при +2+6°С ≤ 72 ч</p>	https://platform.foodninja.pro/storage/43c6a0d1-4dbd-403f-b80d-73530b32741b/product/01KR4E9Q24FVD2VNN69EC3WPDC.jpg	140	1	1		
Салаты	Салат «Мясной»	157		<p><strong>Состав:</strong> Говядина, картофель, морковь, огурцы, горошек, яйцо, майонез.</p><p><strong>Срок годности:</strong> при +2+6°С ≤ 72 ч</p>	https://platform.foodninja.pro/storage/43c6a0d1-4dbd-403f-b80d-73530b32741b/product/01KR4E9P96W0VSYMW15A9QEY48.jpg	140	1	1		
Салаты	Салат «Морковь острая»	71		<p><strong>Состав:</strong> Морковь, лук репчатый, чеснок, соус соевый.</p><p><strong>Срок годности:</strong> при +2+6°С ≤ 72 ч</p>	https://platform.foodninja.pro/storage/43c6a0d1-4dbd-403f-b80d-73530b32741b/product/01KR4E9NG9HPM4FZ1J9HRDCM27.jpg	140	1	1		
Салаты	Салат «Крабовый»	121		<p><strong>Состав: </strong>Палочки крабовые, кукуруза консервированная, огурец свежий, майонез, соль.</p><p><strong>Срок годности:</strong> при +2+6°С ≤ 72 ч</p>	https://platform.foodninja.pro/storage/43c6a0d1-4dbd-403f-b80d-73530b32741b/product/01KR4E9MR3A23FMP3AA2Q1MBYE.jpg	140	1	1		
Салаты	Салат «Капуста маринованная острая»	76		<p><strong>Состав:</strong> Капуста белокочанная свежая, морковь свежая, свёкла свежая, масло подсолнечное рафинированное дезодорированное, соль, сахар, чеснок, глюкоза, кориандр, перец чёрный, перец красный.</p><p><strong>Срок годности:</strong> при +2+6°С ≤ 72 ч</p>	https://platform.foodninja.pro/storage/43c6a0d1-4dbd-403f-b80d-73530b32741b/product/01KR4E9M0Q86SNA7M3DSAH0D9A.jpg	140	1	1		
Салаты	Салат «Витаминный»	77		<p><strong>Состав:</strong> Капуста свежая, морковь свежая, яблоки, масло подсолнечное, клюква, соль, сахар.</p><p><strong>Срок годности:</strong> при +2+6°С ≤ 72 ч</p>	https://platform.foodninja.pro/storage/43c6a0d1-4dbd-403f-b80d-73530b32741b/product/01KR4E9K7N6RG1RVCCZVSKMA06.jpg	140	1	1		
Салаты	Салат «Винегрет овощной»	87		<p><strong>Состав: </strong>Картофель отварной, капуста свежая, свекла отварная, морковь отварная, лук репчатый, огурец маринованный, масло подсолнечное, нерафинированное, горошек зеленый консервированный, соль.</p><p><strong>Срок годности: </strong>при +2+6°С ≤ 72 ч</p>	https://platform.foodninja.pro/storage/43c6a0d1-4dbd-403f-b80d-73530b32741b/product/01KR4E9JNAT9KC24ZCWXV28W7J.jpg	140	1	1		
Салаты	Салат «Бархатный»	93		<p><strong>Состав:</strong> Свекла, чернослив, грецкий орех, чеснок / майонез.</p><p><strong>Срок годности: </strong>при +2+6°С ≤ 72 ч</p>	https://platform.foodninja.pro/storage/43c6a0d1-4dbd-403f-b80d-73530b32741b/product/01KR4E9HSSA7CN8ZFJVT56TXYB.jpg	140	1	1		
Салаты	Салат № 1 с курицей и огурцом	139		<p><strong>Состав:</strong> куриное мясо, огурец, майонез, куриное яйцо, соль</p><p><strong>Срок годности:</strong> при +2+6°C ≤ 72 часа</p>	https://platform.foodninja.pro/storage/43c6a0d1-4dbd-403f-b80d-73530b32741b/product/01KR4E9GT4EGCCAPGFJ6F6BDHT.jpg	140	1	1		
Сэндвичи	Сэндвич со свининой	151		<p><strong>Состав:</strong> хлеб тостовый, свиная отбивная, помидор, соус тар-тар (майонез, огурцы консервированные, укроп), лист салата</p><p><strong>Срок годности:</strong> при +2+6°C ≤ 72 часа</p><p><br></p>	https://platform.foodninja.pro/storage/43c6a0d1-4dbd-403f-b80d-73530b32741b/product/01KR4E4YY5BW1A55JK3ZKV3E55.jpg	150	1	1		
Сэндвичи	Сэндвич с курицей	136		<p><strong>Состав: </strong>хлеб тостовый, куриное филе, майонез, помидор, лист салата, соль, перец, чеснок</p><p><strong>Срок годности:</strong> при +2+6°C ≤ 72 часа</p><p><br></p>	https://platform.foodninja.pro/storage/43c6a0d1-4dbd-403f-b80d-73530b32741b/product/01KR4E51K65RQW004YJW98DCH8.jpg	150	1	1		
Сэндвичи	Сэндвич с горбушей	173		<p><strong>Состав:</strong> хлеб тостовый, майонез, горбуша холодного копчения, огурец, капуста, укроп</p><p><strong>Срок годности:</strong> при +2+6°C ≤ 72 часа</p><p><br></p>	https://platform.foodninja.pro/storage/43c6a0d1-4dbd-403f-b80d-73530b32741b/product/01KR4E53CY03BQ2G936EB30F4X.jpg	130	1	1		
Сэндвичи	Сэндвич с ветчиной	132		<p><strong>Состав: </strong>хлеб тостовый, ветчина, сыр, помидор, майонез, кетчуп, лист салата, чеснок</p><p><strong>Срок годности:</strong> при +2+6°C ≤ 72 часа</p>	https://platform.foodninja.pro/storage/43c6a0d1-4dbd-403f-b80d-73530b32741b/product/01KR4E56STQQKJAX3HRF29FW4Z.jpg	150	1	1		
Вторые блюда без гарнира	Манты	142		<p><strong>Состав:</strong> мука пшеничная высшего сорта, говядина, жир животный, лук репчатый, курица, яйцо куриное, соль, специи.</p><p><strong>Срок годности:</strong> при +2+6°C ≤ 72 часа</p><p><br></p>	https://platform.foodninja.pro/storage/43c6a0d1-4dbd-403f-b80d-73530b32741b/product/01KR4K4AVK8GF06XCEW9GGA4WF.jpg	200	4	1		
Вторые блюда	Свинина под овощами с картофельным пюре	178		<p><strong>Состав основного продукта: </strong>свинина, морковь, лук репчатый, мука пшеничная высшего сорта, масло подсолнечное, сыр, яйцо, соль, перец черный, чеснок, петрушка</p><p><strong>Состав гарнира: </strong>картофель, масло сливочное, молоко сухое, соль.</p><p>Срок годности: при +2+6°C ≤ 72 часа</p><p><br></p>	https://platform.foodninja.pro/storage/43c6a0d1-4dbd-403f-b80d-73530b32741b/product/01KR4HACPFR1XQTR75HCW4J540.jpg	250	1	1		
Вторые блюда	Свинина под овощами с кашей гречневой	170		<p><strong>Состав основного продукта: </strong>свинина, морковь, лук репчатый, мука пшеничная высшего сорта, масло подсолнечное, сыр, яйцо, соль, перец черный, чеснок, петрушка</p><p><strong>Состав гарнира: </strong>крупа гречневая, масло сливочное, масло подсолнечное, соль</p><p><strong>Срок годности:</strong> при +2+6°С ≤ 72 ч</p>	https://platform.foodninja.pro/storage/43c6a0d1-4dbd-403f-b80d-73530b32741b/product/01KR4HA4NWNY2XT2RBT7MQB5ES.jpg	250	1	1		
Вторые блюда	Свинина под овощами с макаронами отварными	170		<p><strong>Состав основного продукта: </strong>свинина, морковь, лук репчатый, мука пшеничная высшего сорта, масло подсолнечное, сыр, яйцо, соль, перец черный, чеснок, петрушка</p><p><strong>Состав гарнира: </strong>макаронные изделия, масло подсолнечное, масло сливочное, соль.</p><p><strong>Срок годности:</strong> при +2+6°С ≤ 72 ч</p>	https://platform.foodninja.pro/storage/43c6a0d1-4dbd-403f-b80d-73530b32741b/product/01KR4HA8C2DEST2B0GP9DKC2RB.jpg	250	1	1		
Вторые блюда	Свинина под овощами с картофелем запечённым	178		<p><strong>Состав основного продукта: </strong>свинина, морковь, лук репчатый, мука пшеничная высшего сорта, масло подсолнечное, сыр, яйцо, соль, перец черный, чеснок, петрушка</p><p><strong>Состав гарнира: </strong>картофель, майонез, морковь, сыр, масло подсолнечное, соль.</p><p><strong>Срок годности:</strong> при +2+6°С ≤ 72 ч</p>	https://platform.foodninja.pro/storage/43c6a0d1-4dbd-403f-b80d-73530b32741b/product/01KHK5GGVJS84P3HJJ6KHXVCQF.jpg	250	1	1		
Салаты	Салат закусочный из говядины и овощей	154		<p><strong>Состав:</strong> мясо говядины, картофель, морковь свежая, свекла свежая, огурец свежий, майонез, масло растительное, соль, приправа для моркови, соус соевый, чеснок свежий.</p><p><strong>Срок годности: </strong>при +2+6°C ≤ 72 часа</p><p><br></p>	https://platform.foodninja.pro/storage/43c6a0d1-4dbd-403f-b80d-73530b32741b/product/01KR4HCYDY0PBWWMK5RE022RJT.jpg	140	1	1		
Вторые блюда без гарнира	Голубцы	150		<p><strong>Состав:</strong> капуста, лук репчатый, свинина, говядина, майонез, рис, масло подсолнечное, соль, перец черный молотый, специи</p><p><strong>Срок годности:</strong> при +2+6°C ≤ 72 часа</p><p><br></p>	https://platform.foodninja.pro/storage/43c6a0d1-4dbd-403f-b80d-73530b32741b/product/01KR4HEVXNBY2SDDD5MK4H5CYS.jpg	220	1	1		
Вторые блюда без гарнира	Пельмени отварные	142		<p><strong>Состав:</strong> свинина, говядина, курица, мука пшеничная, лук репчатый, соль, специи</p><p><strong>Срок годности:</strong> при +2+6°C ≤ 72 часа</p><p><br></p>	https://platform.foodninja.pro/storage/43c6a0d1-4dbd-403f-b80d-73530b32741b/product/01KR4HEYMZJPC3RAJ6KJR7RG2Q.jpg	200	1	1		
Выпечка	Беляш	62		<p><strong>Состав:</strong> мука пшеничная высшего сорта, свинина, говядина, лук репчатый, маргарин, масло растительное, дрожжи, яйцо, соль, сахар, перец черный</p><p><strong>Срок годности:</strong> при +2+6°C ≤ 72 часа</p><p><br></p>	https://platform.foodninja.pro/storage/43c6a0d1-4dbd-403f-b80d-73530b32741b/product/01KR4H65YDAFVWPD96W572YNXF.jpg	100	1	1		
Выпечка	Открытый пирог с куриным жульеном и грибами	84		<p><strong>Состав:</strong> мука пшеничная, сыр мягкий , молокосодержащие продукты с заменителем молочного жира, сыр голландский, майонез, ветчина, маргарин, масло подсолнечное, яйцо куриное, дрожжи, сахар, соль</p><p><strong>Срок годности:</strong> при +2+6°C ≤ 48 часов</p><p><br></p>	https://platform.foodninja.pro/storage/43c6a0d1-4dbd-403f-b80d-73530b32741b/product/01KR4HA7430SPST3T6C6HDF3T7.jpg	100	1	1		
Выпечка	Открытый пирог с ветчиной и сыром	71		<p><strong>Состав:</strong> мука пшеничная, сыр мягкий, молокосодержащие продукты с заменителем молочного жира, сыр голландский, майонез, ветчина, маргарин, масло подсолнечное, яйцо куриное, дрожжи, сахар, соль</p><p><strong>Срок годности:</strong> при +2+6°C ≤ 48 часов</p><p><br></p>	https://platform.foodninja.pro/storage/43c6a0d1-4dbd-403f-b80d-73530b32741b/product/01KR4HA9GDD3PB9C45507KHDQB.jpg	100	1	1		
Выпечка	Пирожок жареный с капустой	51		<p><strong>Состав:</strong> мука пшеничная, капуста, маргарин, яйцо, соль, сахар, дрожжи, масло растительное, лук репчатый, перец черный</p><p><strong>Срок годности:</strong> при +2+6°C ≤ 48 часов</p><p><br></p>	https://platform.foodninja.pro/storage/43c6a0d1-4dbd-403f-b80d-73530b32741b/product/01KR4HCWWCZZ7Z8FAECKQW3PD1.jpg	100	1	1		
Выпечка	Пирожок жареный с картофелем	51		<p><strong>Состав:</strong> мука пшеничная высшего сорта, картофель, маргарин, яйцо, соль, сахар, дрожжи, масло растительное, лук репчатый, перец черный</p><p><strong>Срок годности:</strong> при +2+6°C ≤ 48 часов</p><p><br></p>	https://platform.foodninja.pro/storage/43c6a0d1-4dbd-403f-b80d-73530b32741b/product/01KR4HCZA3WM9FGRPNHKECCKTY.jpg	100	1	1		
Выпечка	Пирожок жареный с луком яйцом	55		<p><strong>Состав:</strong> мука пшеничная высшего сорта, лук зеленый, маргарин, яйцо, соль, сахар, дрожжи, масло растительное</p><p><strong>Срок годности:</strong> при +2+6°C≤ 48 часов</p><p><br></p>	https://platform.foodninja.pro/storage/43c6a0d1-4dbd-403f-b80d-73530b32741b/product/01KR4HD0F93AETR9GWKFFNME49.jpg	100	1	1		
Выпечка	Пирожок жареный с мясом рисом	55		<p><strong>Состав: </strong>мука пшеничная высшего сорта, свинина, говядина, рис, маргарин, яйцо, соль, сахар, дрожжи, масло растительное, лук репчатый, перец черный молотый<strong> </strong></p><p><strong>Срок годности:</strong> при +2+6°C≤ 48 часов</p><p><br></p>	https://platform.foodninja.pro/storage/43c6a0d1-4dbd-403f-b80d-73530b32741b/product/01KR4HD1W2ZQ5SDZ41DBFBVRXX.jpg	100	1	1		
Выпечка	Пирожок жареный с печенью	55		<p><strong>Состав: </strong>мука пшеничная высшего сорта, печень свиная, маргарин, яйцо, соль, сахар, дрожжи, масло растительное, лук репчатый, перец черный молотый</p><p><strong>Срок годности:</strong> при +2+6°C≤ 48 часов</p><p><br></p>	https://platform.foodninja.pro/storage/43c6a0d1-4dbd-403f-b80d-73530b32741b/product/01KR4HD3G2RRTJW9N974VVCFZN.jpg	100	1	1		
Выпечка	Котлета в тесте печёная	85		<p><strong>Состав: </strong>мука пшеничная высшего сорта, говядина, лук репчатый, маргарин, яйцо, дрожжи, соль, сахар, перец черный</p><p><strong>Срок годности:</strong> при +2+6°C≤ 48 часов</p><p><br></p>	https://platform.foodninja.pro/storage/43c6a0d1-4dbd-403f-b80d-73530b32741b/product/01KR4HD58QYHREFQBN49ZR23QG.jpg	100	1	1		
Выпечка	Киш с курицей и грибами	110		<p><strong>Состав: </strong>мука пшеничная высший сорт, маргарин, яйцо, вода, мяса цыплят, грибы шампиньоны свежие, масло растительное, сметанный продукт, соль поваренная пищевая, специи</p><p><strong>Срок годности:</strong> при +2+6°C≤ 48 часов</p><p><br></p>	https://platform.foodninja.pro/storage/43c6a0d1-4dbd-403f-b80d-73530b32741b/product/01KR4HESQ3QW82VVFQJDGWE0VH.jpg	100	1	1		
Выпечка	Курник	85		<p><strong>Состав: </strong>мука пшеничная высшего сорта, мясо куриное, рис, лук репчатый, яйцо, маргарин, дрожжи, соль, сахар, перец черный</p><p><strong>Срок годности:</strong> при +2+6°C≤ 48 часов</p><p><br></p>	https://platform.foodninja.pro/storage/43c6a0d1-4dbd-403f-b80d-73530b32741b/product/01KR4HETRAXBEB0JYR6NVAB043.jpg	100	1	1		
Выпечка	Пицца «Ассорти»	112		<p><strong>Состав: </strong>мука пшеничная высшего сорта, свинина, говядина, майонез, лук репчатый, колбаса вареная, колбаса полукопченая, кетчуп, масло подсолнечное, молоко сухое, сахар, паста томатная, дрожжи, соль, порошок яичный, чеснок, перец чёрный молотый</p><p><strong>Срок годности:</strong> при +2+6°C≤ 48 часов</p><p><br></p>	https://platform.foodninja.pro/storage/43c6a0d1-4dbd-403f-b80d-73530b32741b/product/01KR4HEX0J0J40R65J7DG85D94.jpg	180	1	1		
Выпечка	Самса мясная	84		<p><strong>Состав: </strong>мука пшеничная высшего сорта, говядина, жир животный, лук репчатый, маргарин, яйцо куриное, соль, перец черный молотый, перец красный молотый</p><p><strong>Срок годности:</strong> при +2+6°C≤ 48 часов</p><p><br></p>	https://platform.foodninja.pro/storage/43c6a0d1-4dbd-403f-b80d-73530b32741b/product/01KR4K4W1DGNFHZBMAKMM06JAF.jpg	140	1	1		
Выпечка	Пирожок печёный с капустой	49		<p><strong>Состав: </strong>мука пшеничная высшего сорта, капуста, маргарин, яйцо, соль, сахар, дрожжи, лук репчатый, масло растительное, перец черный</p><p><strong>Срок годности:</strong> при +2+6°C≤ 48 часов</p><p><br></p>	https://platform.foodninja.pro/storage/43c6a0d1-4dbd-403f-b80d-73530b32741b/product/01KR5GHNH6K85KC5QBWTX8MC2G.jpg	100	1	1		
Выпечка	Пирожок печёный с картофелем	49		<p><strong>Состав: </strong>мука пшеничная высшего сорта, картофель, масло растительное, маргарин, яйцо, соль, сахар, дрожжи, лук репчатый, перец черный</p><p><strong>Срок годности:</strong> при +2+6°C≤ 48 часов</p><p><br></p>	https://platform.foodninja.pro/storage/43c6a0d1-4dbd-403f-b80d-73530b32741b/product/01KR4HVT75EQ1V9PD1N0AWK0ZA.jpg	100	1	1		
Выпечка	Пирожок печёный с луком и яйцом	54		<p><strong>Состав: </strong>мука пшеничная высшего сорта, лук зеленый, масло растительное, маргарин, яйцо, соль, сахар, дрожжи</p><p><strong>Срок годности:</strong> при +2+6°C≤ 48 часов</p><p><br></p>	https://platform.foodninja.pro/storage/43c6a0d1-4dbd-403f-b80d-73530b32741b/product/01KR4HVV2RGRDRNZ8RH4BS0QMH.jpg	100	1	1		
Выпечка	Пирожок печёный с мясом и рисом	54		<p><strong>Состав: </strong>мука пшеничная высшего сорта, свинина, говядина, рис, маргарин, яйцо, лук репчатый, масло растительное, соль, сахар, дрожжи, перец черный</p><p><strong>Срок годности:</strong> при +2+6°C≤ 48 часов</p><p><br></p>	https://platform.foodninja.pro/storage/43c6a0d1-4dbd-403f-b80d-73530b32741b/product/01KR4HVVV1FN5N0P41VXRAW1H8.jpg	100	1	1		
Выпечка	Пирожок печёный с печенью	54		<p><strong>Состав: </strong>мука пшеничная высшего сорта, печень, лук репчатый, масло растительное, маргарин, яйцо, дрожжи, соль, сахар, перец черный</p><p><strong>Срок годности:</strong> при +2+6°C≤ 48 часов</p><p><br></p>	https://platform.foodninja.pro/storage/43c6a0d1-4dbd-403f-b80d-73530b32741b/product/01KR4HVWSX34RJ6GR3BCPBV40E.jpg	100	1	1		
Выпечка	Пирожок печёный с рыбой	65		<p><strong>Состав: </strong>мука пшеничная высшего сорта, рыба морская, рис, маргарин, яйцо куриное, соль, сахар, дрожжи, масло растительное, лук репчатый, перец черный молотый</p><p><strong>Срок годности:</strong> при +2+6°C≤ 48 часов</p><p><br></p>	https://platform.foodninja.pro/storage/43c6a0d1-4dbd-403f-b80d-73530b32741b/product/01KR4HVXKDHZXAFRF7J4AECRQ4.jpg	100	1	1		
Выпечка	Пицца колбасная	95		<p><strong>Состав: </strong>мука пшеничная высшего сорта, майонез, колбаса п/к, кетчуп, масло подсолнечное, молоко сухое, сахар, томатная паста, дрожжи, соль, порошок яичный, чеснок, перец черный</p><p><strong>Срок годности:</strong> при +2+6°C≤ 72 часов</p><p><br></p>	https://platform.foodninja.pro/storage/43c6a0d1-4dbd-403f-b80d-73530b32741b/product/01KR4HR41ZGBD6PW2S8DGB5W0B.jpg	140	1	1		
Выпечка	Пицца мясная	95		<p><strong>Состав: </strong>мука пшеничная  высшего сорта, майонез, свинина, говядина, лук репчатый, кетчуп, маргарин, масло подсолнечное, молоко сухое, сахар, паста томатная, дрожжи, соль, порошок яичный, чеснок, перец черный молотый</p><p><strong>Срок годности:</strong> при +2+6°C≤ 72 часов</p><p><br></p>	https://platform.foodninja.pro/storage/43c6a0d1-4dbd-403f-b80d-73530b32741b/product/01KR4HR2B32GPVX3CJM6FKXTMJ.jpg	140	1	1		
Выпечка	Пицца сосисочная	95		<p><strong>Состав: </strong>мука пшеничная высшего сорта, сосиска, майонез, кетчуп, маргарин, масло подсолнечное, молоко сухое, сахар, паста томатная, дрожжи, соль, чеснок, порошок яичный, перец черный молотый</p><p><strong>Срок годности:</strong> при +2+6°C≤ 72 часов</p><p><br></p>	https://platform.foodninja.pro/storage/43c6a0d1-4dbd-403f-b80d-73530b32741b/product/01KR4HR0WKGTNX7N6V59GXAJ2X.jpg	140	1	1		
Выпечка	Роллы блинные с курицей	156		<p><strong>Состав: </strong>мука пшеничная высшего сорта, курица, помидоры, морковь, масло растительное, огурец свежий, молоко сухое, сахар, масло сливочное, яйцо, салат, соус соевый, чеснок, соль, специи, уксус</p><p><strong>Срок годности:</strong> при +2+6°C≤ 72 часов</p><p><br></p>	https://platform.foodninja.pro/storage/43c6a0d1-4dbd-403f-b80d-73530b32741b/product/01KR4K6TYMCEWC9F6F4DY4A7FZ.jpg	180	1	1		
Выпечка	Чебуреки с мясом (9 шт.)	125		<p><strong>Состав: </strong>мука пшеничная высшего сорта, яйцо, говядина, свинина, лук репчатый, масло растительное, молоко сухое, соль, перец черный молотый, перец красный молотый</p><p><strong>Срок годности:</strong> при +2+6°C≤ 72 часов</p><p><br></p>	https://platform.foodninja.pro/storage/43c6a0d1-4dbd-403f-b80d-73530b32741b/product/01KR4HXWMR75DSKXDKZNJQEX9Q.jpg	180	1	1		
Выпечка	Чебуреки с капустой (9 шт.)	85		<p><strong>Состав: </strong>мука пшеничная высшего сорта, капуста,лук репчатый, масло растительное, маргарин</p><p><strong>Срок годности:</strong> при +2+6°C≤ 72 часов</p><p><br></p>	https://platform.foodninja.pro/storage/43c6a0d1-4dbd-403f-b80d-73530b32741b/product/01KR4HXXJS12WHD9HKYPEET1WP.jpg	200	1	1		
Выпечка	Чебуреки с картофелем (9 шт.)	85		<p><strong>Состав: </strong>мука пшеничная высшего сорта, картофель, лук репчатый, масло растительное, маргарин, молоко сухое, соль, перец черный молотый</p><p><strong>Срок годности:</strong> при +2+6°C≤ 72 часов</p><p><br></p>	https://platform.foodninja.pro/storage/43c6a0d1-4dbd-403f-b80d-73530b32741b/product/01KR4HXYMSW5S1CK9T9ZJ75ZV2.jpg	200	1	1		
Выпечка	Чебуреки с ветчиной и сыром (9 шт.)	142		<p><strong>Состав: </strong>мука пшеничная высшего сорта, ветчина, масло подсолнечное рафинированное, майонез,сыр плавленный</p><p><strong>Срок годности:</strong> при +2+6°C≤ 72 часов</p><p><br></p>	https://platform.foodninja.pro/storage/43c6a0d1-4dbd-403f-b80d-73530b32741b/product/01KR4HYSTDSJPSNQB63E2SDYB7.jpg	200	1	1		
Выпечка	Чебурек	76		<p><strong>Состав: </strong>мука пшеничная высшего сорта, говядина, свинина, лук репчатый, масло растительное, молоко сухое, соль, перец черный, перец красный</p><p><strong>Срок годности:</strong> при +2+6°C≤ 72 часов</p><p><br></p>	https://platform.foodninja.pro/storage/43c6a0d1-4dbd-403f-b80d-73530b32741b/product/01KR4HY11T60ZC60PSZ3XNGBB5.jpg	110	1	1		
Сладкое	Сочень с творогом и изюмом	71		<p><strong>Состав: </strong>мука пшеничная высшего сорта, маргарин, творог, сахар, курага, яйцо, крахмал, соль, сода, ванилин</p><p><strong>Срок годности:</strong> при +2+6°C≤ 48 часов</p><p><br></p>	https://platform.foodninja.pro/storage/43c6a0d1-4dbd-403f-b80d-73530b32741b/product/01KR4JEV35VX9XCNQ02FJNZ52R.jpg	100	1	1		
Супы	Суп «Щи со свежей капустой и картофелем»	79		<p><strong>Состав: </strong>бульон куриный, мясо куриное, капуста свежая, картофель свежий, лук репчатый, морковь свежая, перец болгарский свежий, масло подсолнечное, томатная паста, перец черный молотый, соль, зелень</p><p><strong>Срок годности:</strong> при +2+6°C≤ 48 часов</p><p><br></p>	https://platform.foodninja.pro/storage/43c6a0d1-4dbd-403f-b80d-73530b32741b/product/01KR4KMNJWENW0F9QY2A1A3SAW.jpg	250	1	1		
Выпечка	Сосиска в тесте печеная	71		<p><strong>Состав: </strong>мука пшеничная  высшего сорта, сосиска, маргарин, яйцо куриное, масло растительное, дрожжи, сахар, сахар, соль</p><p><strong>Срок годности:</strong> при +2+6°C≤ 72 часов</p><p><br></p>	https://platform.foodninja.pro/storage/43c6a0d1-4dbd-403f-b80d-73530b32741b/product/01KR4JEQ3YAET0P0KFR38GWQNA.jpg	60	1	1		
Супы	Суп «Борщ»	79		<p><strong>Состав: </strong>бульон куриный, картофель свежий, мясо куриное, капуста свежая, свёкла свежая, лук репчатый, морковь свежая, томатная паста, масло подсолнечное, мука пшеничная, уксус столовый 9%, соль, чеснок, перец черный молотый</p><p><strong>Срок годности:</strong> при +2+6°C≤ 48 часов</p><p><br></p>	https://platform.foodninja.pro/storage/43c6a0d1-4dbd-403f-b80d-73530b32741b/product/01KR4KMMC0ENNJJX73RV5G5HKQ.jpg	250	1	1		
Супы	Суп «Картофельный с мясными фрикадельками»	84		<p><strong>Состав: </strong>бульон куриный, картофель, говядина, свинина, лук репчатый, морковь свежая, яйцо, масло подсолнечное, соль, зелень, перец черный молотый</p><p><strong>Срок годности:</strong> при +2+6°C≤ 48 часов</p><p><br></p>	https://platform.foodninja.pro/storage/43c6a0d1-4dbd-403f-b80d-73530b32741b/product/01KR4KMJYNVQYQ6R4J0Q06T1KH.jpg	250	1	1		
Супы	Суп «Куриный с лапшой»	79		<p><strong>Состав: </strong>бульон куриный, картофель свежий, мясо куриное, морковь свежая, лук репчатый, спагетти, масло растительное, перец черный молотый, соль, зелень</p><p><strong>Срок годности:</strong> при +2+6°C≤ 48 часов</p><p><br></p>	https://platform.foodninja.pro/storage/43c6a0d1-4dbd-403f-b80d-73530b32741b/product/01KR4KMHGN7B6XCNH1VFDTX0AC.jpg	250	1	1		
Супы	Суп «Лагман»	90		<p><strong>Состав: </strong>бульон куриный, картофель свежий, говядина, лук репчатый, морковь свежая, редька свежая, томатная паста, масло подсолнечное, перец болгарский свежий, соль, перец черный молотый, зелень</p><p><strong>Срок годности:</strong> при +2+6°C≤ 48 часов</p><p><br></p>	https://platform.foodninja.pro/storage/43c6a0d1-4dbd-403f-b80d-73530b32741b/product/01KR4KMGBX5BP6AWKJ8NCCQVMG.jpg	250	1	1		
Супы	Суп «Солянка домашняя»	90		<p><strong>Состав: </strong>бульон куриный, картофель, говядина, лук репчатый, огурцы консервированные, колбасные изделия вареные, полу копченые, сахар, томатная паста, лимон, соль, перец черный молотый, перец красный, чеснок, укроп</p><p><strong>Срок годности:</strong> при +2+6°C≤ 48 часов</p><p><br></p>	https://platform.foodninja.pro/storage/43c6a0d1-4dbd-403f-b80d-73530b32741b/product/01KR4KMF3CYYD8D9JEF53PA65P.jpg	250	1	1		
Выпечка	Булочка с корицей	37		<p><strong>Состав: </strong>мука пшеничная высшего сорта, маргарин, сахар, корица, масло подсолнечное, молоко сухое, дрожжи, яйцо, соль</p><p><strong>Срок годности:</strong> при +2+6°C≤ 72 часов</p><p><br></p>	https://platform.foodninja.pro/storage/43c6a0d1-4dbd-403f-b80d-73530b32741b/product/01KR4JDSYPGKY229PFN6T0BMG1.jpg	60	1	1		
Выпечка	Булочка с маком	37		<p><strong>Состав: </strong>мука пшеничная высшего сорта, сахар, масло подсолнечное, маргарин,  молоко сухое, дрожжи, яйцо, мак, соль</p><p><strong>Срок годности:</strong> при +2+6°C≤ 72 часов</p><p><br></p>	https://platform.foodninja.pro/storage/43c6a0d1-4dbd-403f-b80d-73530b32741b/product/01KR4K1MD1MVCPPK3FHTQ8MXFN.jpg	80	1	1		
Выпечка	Булочка с маком и изюмом	63		<p><strong>Состав: </strong>мука пшеничная высшего сорта, сахар, изюм, маковая начинка, масло растительное, маргарин, молоко сухое, яйцо, дрожжи, соль, ванилин</p><p><strong>Срок годности:</strong> при +2+6°C≤ 72 часов</p><p><br></p>	https://platform.foodninja.pro/storage/43c6a0d1-4dbd-403f-b80d-73530b32741b/product/01KR4JZBSZJ8VMSYPH4WFEW04F.jpg	150	1	1		
Выпечка	Булочка с повидлом и посыпкой	44		<p><strong>Состав: </strong>мука пшеничная высшего сорта, сахар, масло подсолнечное, маргарин, молоко сухое, повидло, яйцо, соль</p><p><strong>Срок годности:</strong> при +2+6°C≤ 48 часов</p><p></p>	https://platform.foodninja.pro/storage/43c6a0d1-4dbd-403f-b80d-73530b32741b/product/01KR4JZRVFW67YGR235NASXK5W.jpg	120	1	1		
Выпечка	Булочка с сахаром	37		<p><strong>Состав: </strong>мука пшеничная в/с, сахар, масло подсолнечное, маргарин, молоко сухое, дрожжи, яйцо, соль</p><p><strong>Срок годности:</strong> при +2+6°C≤ 72 часов</p><p><br></p>	https://platform.foodninja.pro/storage/43c6a0d1-4dbd-403f-b80d-73530b32741b/product/01KR4JSB2FD8C699VAQQ854A6T.jpg	80	1	1		
Выпечка	Вензель с изюмом	60		<p><strong>Состав: </strong>мука пшеничная высшего сорта, сахар, масло подсолнечное, маргарин, молоко сухое, изюм, яйцо, соль</p><p><strong>Срок годности:</strong> при +2+6°C≤ 48 часов</p><p><br></p>	https://platform.foodninja.pro/storage/43c6a0d1-4dbd-403f-b80d-73530b32741b/product/01KR5GC2X2Z2P5T7Q5D8HR56DW.jpg	120	1	1		
Сэндвичи	Сэндвич с говядиной	150		<p><strong>Состав: </strong>хлеб тостовый, огурец, говядина, майонез, кетчуп, чеснок, укроп</p><p><strong>Срок годности:</strong> при +2+6°C ≤ 72 часа</p>	https://platform.foodninja.pro/storage/43c6a0d1-4dbd-403f-b80d-73530b32741b/product/01KR5GCQT45T2N6KKCRB24H0T4.jpg	150	1	1		
Молочные каши	Каша геркулесовая	62		<p><strong>Состав:</strong> молоко, хлопья овсяные Геркулес, масло сливочное, сахар, соль</p><p><strong>Срок годности: </strong>при +2+6°C ≤ 24 часов</p>	https://platform.foodninja.pro/storage/43c6a0d1-4dbd-403f-b80d-73530b32741b/product/01KR4H63VT9C458MWCJHSM6VF7.jpg	200	1	1		
Молочные каши	Каша кукурузная	62		<p><strong>Состав:</strong> крупа кукурузная, молоко, вода, сахар, масло сливочное, соль</p><p><strong>Срок годности: </strong>при +2+6°C ≤ 24 часов</p>	https://platform.foodninja.pro/storage/43c6a0d1-4dbd-403f-b80d-73530b32741b/product/01KR4KMCXB7AY5WSXFNC34NA8C.jpg	200	1	1		
Молочные каши	Каша гречневая молочная	62		<p><strong>Состав:</strong> молоко, вода, гречневая крупа, масло сливочное, сахар,соль</p><p><strong>Срок годности: </strong>при +2+6°C ≤ 24 часов</p>	https://platform.foodninja.pro/storage/43c6a0d1-4dbd-403f-b80d-73530b32741b/product/01KR4KMBPNCRB1MC04WN5WY86P.jpg	200	1	1		
Молочные каши	Каша пшённая	62		<p><strong>Состав:</strong> молоко, крупа пшенная, масло сливочное, сахар, соль</p><p><strong>Срок годности: </strong>при +2+6°C ≤ 24 часов</p>	https://platform.foodninja.pro/storage/43c6a0d1-4dbd-403f-b80d-73530b32741b/product/01KR4KMAF9EBRWE4QBXJCK4DJ0.jpg	200	1	1		
Молочные каши	Каша рисовая	62		<p><strong>Состав:</strong> молоко, крупа рисовая, масло сливочное, сахар, соль</p><p><strong>Срок годности: </strong>при +2+6°C ≤ 24 часов</p>	https://platform.foodninja.pro/storage/43c6a0d1-4dbd-403f-b80d-73530b32741b/product/01KR4KM9DEY6C3M1H3SNE0Z8TP.jpg	200	1	1		
Супы	Суп «Рассольник ленинградский»	97		<p><strong>Состав: </strong>бульон куриный, картофель свежий, мясо куриное, морковь свежая, огурцы маринованные, лук репчатый, крупа перловая, масло подсолечное, соль, зелень, перец черный молотый, укроп</p><p><strong>Срок годности:</strong> при +2+6°C≤ 48 часов</p><p><br></p>	https://platform.foodninja.pro/storage/43c6a0d1-4dbd-403f-b80d-73530b32741b/product/01KHK2PCE8XM80RGD7DVTDAASY.jpg	250	1	1		
Выпечка	Вафля-пицца с колбасками и сыром с соусом	109		<p><strong>Состав: </strong>мука пшеничная хлебопекарная в/с, сахар, яичный продукт, сметана, маргарин столово–молочный, соль поваренная пищевая, колбаски «Охотничьи», сыр «Гауда», помидоры свежие</p><p><strong>Состав соуса:</strong> Майонез, сметана 25%, соус «Терияки», чеснок свежий, орех грецкий очищенный, укроп свежий.</p><p><strong>Срок годности:</strong> при +2+6°C≤ 72 часов</p><p><br></p>	https://platform.foodninja.pro/storage/43c6a0d1-4dbd-403f-b80d-73530b32741b/product/01KR4KGRCHM993K037DNTTW0M3.jpg	120	1	1		
Выпечка	Палочки куриные	162		<p><strong>Состав: </strong>мясо курицы, мука пшеничная в/с, лук репчатый, масло растительное, мясо ц.б., маргарин, петрушка свежая, соль</p><p><strong>Срок годности:</strong> при +2+6°C≤ 48 часов</p><p><br></p>	https://platform.foodninja.pro/storage/43c6a0d1-4dbd-403f-b80d-73530b32741b/product/01KR4KG1KT57Y7BPB8K47CK3NM.jpg	200	1	1		
Молочные каши	Каша ячневая	62		<p><strong>Состав:</strong> крупа ячневая, молоко, вода, сахар, масло сливочное, соль</p><p><strong>Срок годности: </strong>при +2+6°C ≤ 24 часов</p>	https://platform.foodninja.pro/storage/43c6a0d1-4dbd-403f-b80d-73530b32741b/product/01KR4KFZX6MYY97ZHN6NAS297J.jpg	200	1	1		
Блинчики	Блинчик с сосисками и картофелем	153		<p><strong>Состав:</strong> мука пшеничная в/с, вода питьевая, молоко сухое цельное, сахар-песок, яйцо куриное</p><p><strong>Состав начинки:</strong> сосиски, картофель свежий, спред, молоко</p><p><strong>Срок годности: </strong>при +2+6°C ≤ 72 часов</p>	https://platform.foodninja.pro/storage/43c6a0d1-4dbd-403f-b80d-73530b32741b/product/01KR4KEGG4TXSJJ58F9Q168FX6.jpg	220	1	1		
Блинчики	Блинчики с ветчиной и сыром	162		<p><strong>Состав:</strong> мука пшеничная в/c, ветчина, сыр, майонез, молоко сухое, сахар, яйцо, масло подсолнечное, соль</p><p><strong>Срок годности: </strong>при +2+6°C ≤ 72 часов</p>	https://platform.foodninja.pro/storage/43c6a0d1-4dbd-403f-b80d-73530b32741b/product/01KR4KEF7YD6ZGF7F36DPBRVBA.jpg	200	1	1		
Блинчики	Блинчики с мясом	162		<p><strong>Состав:</strong> мука пшеничная в/с, говядина, свинина, лук репчатый, молоко сухое, сахар, яйцо, масло подсолнечное, соль, чеснок, перец черный молотый</p><p><strong>Срок годности: </strong>при +2+6°C ≤ 72 часов</p>	https://platform.foodninja.pro/storage/43c6a0d1-4dbd-403f-b80d-73530b32741b/product/01KR5GCCZANT9NNPPDTWNXYBRX.jpg	140	1	1		
Блинчики	Блинчики «Цезарь»	159		<p><strong>Состав:</strong> яйцо куриное, мука пшеничная в/с, вода питьевая, сахар – песок, масло, молоко,</p><p> начинка (майонез (масло подсолнечное рафинированное дезодорированное, вода, загуститель кукурузный, крахмал, соль, яичный желток, регулятор кислотности, уксусная кислота, стабилизаторы , натуральный ароматизатор горчица, подсластители , курица филе отварная, томаты свежие, молокосодержащий продукт с заменителем молочного жира .</p><p><strong>Состав начинки:</strong> филе курицы, томаты, горчица, майонез</p><p><strong>Срок годности: </strong>при +2+6°C ≤ 72 часов</p>	https://platform.foodninja.pro/storage/43c6a0d1-4dbd-403f-b80d-73530b32741b/product/01KR4KE9BMV2QC4KTR0P23T4RA.jpg	180	1	1		
Блинчики	Блинчики  с творогом	128		<p><strong>Состав:</strong> мука пшеничная в/с, творог, сахар, молоко сухое, масло подсолнечное, яйцо куриное, соль, ванилин</p><p><strong>Срок годности: </strong>при +2+6°C ≤ 48 часов</p>	https://platform.foodninja.pro/storage/43c6a0d1-4dbd-403f-b80d-73530b32741b/product/01KR4KE8B47GH0A2KBED1WWPAE.jpg	140	1	1		
Блинчики	Блинчики с грушей и творожным сыром	132		<p><strong>Состав:</strong> яйцо куриное, мука пшеничная в/с, молоко сухое</p><p><strong>Состав начинки:</strong> начинка фруктовая с добавлением кусочков фруктов, крем молокосодержащий</p><p><strong>Срок годности: </strong>при +2+6°C ≤ 72 часов</p>	https://platform.foodninja.pro/storage/43c6a0d1-4dbd-403f-b80d-73530b32741b/product/01KR4KCCF9Q20G2JBQTBECRPR5.jpg	180	1	1		
Закуски	Шаурма с курицей 	221		<p><strong>Состав:</strong> курица, мука пшеничная в/с, морковь, томат, огурец, масло подсолнечное, перец болгарский, кетчуп, майонез, сыр, чеснок, сахар, соус соевый, соль, уксус, специи</p><p><strong>Срок годности: </strong>при +2+6°C ≤ 72 часов</p>	https://platform.foodninja.pro/storage/43c6a0d1-4dbd-403f-b80d-73530b32741b/product/01KR4KAMQQJ154PB9W2X5V4K19.jpg	250	1	1		
Закуски	Шаурма с курицей и пекинской капустой	153		<p><strong>Состав:</strong> куриное филе,лаваш,капуста пекинская,помидоры свежие,огурцы маринованные,майонез,кетчуп</p><p><strong>Срок годности: </strong>при +2+6°C ≤ 72 часов</p>	https://platform.foodninja.pro/storage/43c6a0d1-4dbd-403f-b80d-73530b32741b/product/01KR4KA8JNPGGVJXVVBX23AN5B.jpg	250	1	1		
Новинки	Пирожок печёный с чёрной смородиной	71		<p><strong>Состав: </strong>мука пшеничная, черная смородина, сахар, маргарин, загуститель, дрожжи, масло растительное, яичный порошок, соль, сахар</p><p><strong>Срок годности:</strong> при +2+6°C≤ 48 часов</p><p></p>	https://platform.foodninja.pro/storage/43c6a0d1-4dbd-403f-b80d-73530b32741b/product/01KR4H62JCV54T8JR8GQSNZN6W.jpg	75		1		
Новинки	Пирожок печёный с вишней	71		<p><strong>Состав: </strong>мука пшеничная, мякоть вишни, сахар, маргарин, загуститель, дрожжи, масло растительное, яичный порошок, соль, сахар</p><p><strong>Срок годности:</strong> при +2+6°C≤ 48 часов</p><p></p>	https://platform.foodninja.pro/storage/43c6a0d1-4dbd-403f-b80d-73530b32741b/product/01KR4KA5NFV8SSCKM5PQB2WTZW.jpg	75		1		
Новинки	Пирожок печёный с клубникой	55		<p><strong>Состав: </strong>мука пшеничная, клубника, сахар, маргарин, загуститель, дрожжи, масло растительное, яичный порошок, соль, сахар</p><p><strong>Срок годности:</strong> при +2+6°C≤ 48 часов</p><p></p>	https://platform.foodninja.pro/storage/43c6a0d1-4dbd-403f-b80d-73530b32741b/product/01KR4KAR2VPS9RM6XN451VE5E4.jpg	75		1		
